Workbook

Sheet PlantData
A1: Ann. MWh, EIA 100 oldest PV systems. Some oldies were excluded; their size kept changing (Springerville, Prescott), or they're solar thermal (SEGS), or mislabeled (Saguaro), or just stunk (a few ran sporadically for 1-5 yrs, then vanished) | R1: =AVERAGE(R7:R106) -> 14.923 | X1: max> | Y1: =MAX(Y7:Y106) -> 0.099685065 | AJ1: Top 12 states w/more than 1% (8 more states had 1 system apiece) | AT1: Tracker | AU1: Fixed | AX1: {=LOGEST(BB2:BQ2,BB6:BQ6)} -> 0.93171844 | AY1: 0.93218689 | AZ1: {=LOGEST(BB4:BQ4,BB6:BQ6,TRUE,FALSE)} -> 0.97183292 | BA1: 1.0800084 | BB1: PI, by year, with user's degradation allowance included as a user input variable (try 0% degr to see a fanning cloud of degrading outputs) | BQ1: ann. p50 SLD degr, yr1-7> | BR1: =BS1/(BT1+BS1*(BB6+BH6)*0.5) -> -0.0084354824 | BS1: {=LINEST(BB4:BH4,BB6:BH6,TRUE,FALSE)} -> -0.0080109115 | BT1: 0.9817121 | BV1: p50 SLD degr, yr7-16> | BW1: =BX1/(BY1+BX1*(BH6+BQ6)*0.5) -> -0.044409205 | BX1: {=LINEST(BH4:BQ4,BH6:BQ6,TRUE,FALSE)} -> -0.035351983 | BY1: 1.2025986 | CA1: min PI | CB1: =MIN($CB$7:$CB$106) -> 0.34604067 | CC1: avg PI | CD1: =$CB$111 -> 0.83956393 | CF1: =CG1/(CH1+CG1*(16+1)/2) -> -0.026808155 | CG1: {=LINEST($BB$4:$BQ$4,$BB$6:$BQ$6)} -> -0.022941747 | CH1: 1.0507798 | CI1: SLD degr rate over 16 yrs for the median system | CO1: Cold: TMOD <40 °C | ED1: Full lifetime | EE1: Full lifetime | EF1: Full lifetime | EG1: Full lifetime | FR1: =MAX(FR7:FR106) -> 0.051
A2: data w/eqn. | B2: just data | C2: < data entry color key | N2: MWp | O2: =SUM(N$7:N$106) -> 639.94948 | Q2: Top100 calcs, wtd by energy | X2: avg> | Y2: =AVERAGE(Y7:Y106) -> 0.012448983 | Z2: =AVERAGE(Z7:Z106) -> 0.88237321 | AB2: w/o degr | AC2: w/degr | AD2: MWh-wtd PI | AF2: smallest | AG2: =MIN($N$7:$N$106) -> 0.2576 | AH2: MWp | AJ2: CA | AK2: =COUNTIF($K$7:$K$106,AJ2)/100 -> 0.3 | AL2: NC | AM2: =COUNTIF($K$7:$K$106,AL2)/100 -> 0.07 | AN2: FL | AO2: =COUNTIF($K$7:$K106,AN2)/100 -> 0.04 | AP2: MA | AQ2: =COUNTIF($K$7:$K$106,AP2)/100 -> 0.03 | AT2: %,PI,MWp | AU2: %,PI,MWp | AY2: ann. p90 expon degr, Yr1-Yr16 > | AZ2: =AX1-1 -> -0.068281556 | BA2: p90 | BB2: =BB3-1.28*BB5 -> 0.75089983 | BC2: =BC3-1.28*BC5 -> 0.69731657 | BD2: =BD3-1.28*BD5 -> 0.67702938 | BE2: =BE3-1.28*BE5 -> 0.69665631 | BF2: =BF3-1.28*BF5 -> 0.6757683 | BG2: =BG3-1.28*BG5 -> 0.6734932 | BH2: =BH3-1.28*BH5 -> 0.69872431 | BI2: =BI3-1.28*BI5 -> 0.57219694 | ... BR2: =BR3-1.28*BR5 -> 0.3027009 | BY2: =COUNTIF(BB7:BX106,1.15) -> 12 | CA2: median PI | CB2: =MEDIAN($CB$7:$CB$106) -> 0.86694533 | CC2: p90(1.28σ) | CD2: =CD1-1.28*$CB$112 -> 0.6601333 | CF2: =CG2/(CH2+CG2*(16+1)/2) -> -0.058999957 | CG2: {=LINEST($BB$113:$BQ$113,$BB$6:$BQ$6)} -> -0.033876166 | CH2: 0.86212014 | CI2: SLD degr rate over 16 yrs for the p90 system | CO2: Medium: 40 °C < TMOD < 50 °C | DG2: # at 2 yr | DH2: =COUNTIF($DD$7:$DD$106,2) -> 5 | ED2: # of systems | EE2: # of systems | EF2: # of systems | EG2: # of systems | EI2: 7-yr only | EJ2: 7-yr only | FQ2: Median | FR2: Median | FS2: Median | FV2: Median | FW2: Median
B3: Expected PR | C3: Fixed | D3: 0.8 | F3: Fleet median degradation, 1st 7 yrs | H3: =$BR$1 -> -0.0084354824 | J3: Expctd Degr | K3: 0.005 | N3: MW,ac | O3: =SUM(O$7:O$106) -> 543.706 | P3: =MEDIAN(P7:P106) -> 1980.5681 | Q3: =SUM(AB7:AX106) -> 13660673 | R3: MWh,act. | S3: =MEDIAN(S7:S106) -> 41.413315 | T3: < median Tmod | X3: median> | Y3: =MEDIAN(Y7:Y106) -> 0 | Z3: =MEDIAN(Z7:Z106) -> 1 | AB3: =SUM(AB7:AX106) -> 13660673 | AD3: =AB3/AB4 -> 0.88882234 | AF3: average | AG3: =AVERAGE($N$7:$N$106) -> 6.3994948 | AH3: MWp | AJ3: NJ | AK3: =COUNTIF($K$7:$K$106,AJ3)/100 -> 0.16 | AL3: PA | AM3: =COUNTIF($K$7:$K$106,AL3)/100 -> 0.06 | AN3: NM | AO3: =COUNTIF($K$7:$K106,AN3)/100 -> 0.04 | AP3: HI | AQ3: =COUNTIF($K$7:$K$106,AP3)/100 -> 0.02 | AT3: =COUNTIF($I$7:$I$106,"Tracker")/100 -> 0.34 | AU3: =COUNTIF($I$7:$I$106,"Fixed")/100 -> 0.66 | BA3: avg | BB3: =AVERAGE(BB$7:BB$106) -> 0.92771302 | BC3: =AVERAGE(BC$7:BC$106) -> 0.92596863 | BD3: =AVERAGE(BD$7:BD$106) -> 0.91478067 | BE3: =AVERAGE(BE$7:BE$106) -> 0.91661908 | BF3: =AVERAGE(BF$7:BF$106) -> 0.89899124 | BG3: =AVERAGE(BG$7:BG$106) -> 0.89643489 | BH3: =AVERAGE(BH$7:BH$106) -> 0.8843238 | BI3: =AVERAGE(BI$7:BI$106) -> 0.84734173 | ... BX3: =AVERAGE(BX$7:BX$106) -> 0.16281613 | CA3: max PI | CB3: =MAX($CB$7:$CB$106) -> 1.045153 | CC3: p90(rank) | CD3: =VLOOKUP(MATCH(90,$CC$7:$CC$106,0),$BY$7:$CB$106,4) -> 0.68447422 | CE3: =MEDIAN(CE7:CE106) -> -0.023304756 | CH3: =MAX(CH7:CH106) -> 1.0438358 | CO3: Hot: TMOD > 50 °C | DD3: =MODE($DD$7:$DD$106) -> 1 | DE3: Most common | DG3: # at 1 yr | DH3: =COUNTIF($DD$7:$DD$106,1) -> 68 | EA3: Median 7-yr PI | EB3: =MEDIAN(EB7:EB106) -> 0.93316367 | ED3: =COUNT(ED7:ED106) -> 12 | EE3: =COUNT(EE7:EE106) -> 12 | EF3: =COUNT(EF7:EF106) -> 47 | EG3: =COUNT(EG7:EG106) -> 47 | EI3: =COUNT(EI7:EI106) -> 12 | EJ3: =COUNT(EJ7:EJ106) -> 47 | EN3: median | EQ3: median | FQ3: =MEDIAN(FQ7:FQ106) -> 0.10423531 | FR3: =MEDIAN(FR7:FR106) -> 0.03 | FS3: =MEDIAN(FS7:FS106) -> 0.28957093 | FV3: =MEDIAN(FV7:FV106) -> 0.050538705 | FW3: =MEDIAN(FW7:FW106) -> 0.5948563
B4: (user input) | C4: Tracker | D4: 0.76 | F4: Fleet median degradation, last 9 yrs | H4: =$BW$1 -> -0.044409205 | J4: MedianPI> | K4: =$CB$2 -> 0.86694533 | L4: (unwghtd) | N4: ILR | O4: =O2/O3 -> 1.1770138 | P4: =STDEV(P7:P106)/P5 -> 0.22513168 | Q4: =SUM(BZ7:BZ106) -> 14873746 | R4: MWh,exp. | S4: =AVERAGE(S7:S106) -> 41.449578 | T4: <avg|Tmod|stdev> | U4: =STDEV(S7:S106) -> 6.4418167 | X4: =AVERAGE(X7:X106) -> 0.37189762 | Y4: CCC-based | Z4: estim. | AB4: =SUMPRODUCT(AA7:AA106,AY7:AY106) -> 15369408 | AC4: =$BZ$110 -> 14873746 | AD4: =AB3/AC4 -> 0.91844204 | AF4: largest | AG4: =MAX($N$7:$N$106) -> 60.5 | AH4: MWp | AJ4: CO | AK4: =COUNTIF($K$7:$K$106,AJ4)/100 -> 0.08 | AL4: AZ | AM4: =COUNTIF($K$7:$K$106,AL4)/100 -> 0.06 | AN4: NV | AO4: =COUNTIF($K$7:$K106,AN4)/100 -> 0.04 | AP4: TX | AQ4: =COUNTIF($K$7:$K$106,AP4)/100 -> 0.02 | AT4: =AVERAGEIF($CD$7:$CD$106,"Tracker",$CB$7:$CB$106) -> 0.83273937 | AU4: =AVERAGEIF($CD$7:$CD$106,"Fixed",$CB$7:$CB$106) -> 0.84307961 | AY4: ann. p50 expon degr, Yr1-Yr16 > | AZ4: =AZ1-1 -> -0.028167081 | BA4: p50 | BB4: =MEDIAN(BB$7:BB$106) -> 0.95554712 | BC4: =MEDIAN(BC$7:BC$106) -> 0.97496459 | BD4: =MEDIAN(BD$7:BD$106) -> 0.96635514 | BE4: =MEDIAN(BE$7:BE$106) -> 0.95478358 | BF4: =MEDIAN(BF$7:BF$106) -> 0.94922573 | BG4: =MEDIAN(BG$7:BG$106) -> 0.93101463 | BH4: =MEDIAN(BH$7:BH$106) -> 0.91578839 | BI4: =MEDIAN(BI$7:BI$106) -> 0.90286708 | ... BX4: =MEDIAN(BX$7:BX$106) -> 0.16281613 | BZ4: Lifetime expected energy over number of years reported in the EIA database | CH4: =MIN(CH7:CH106) -> 0.94582881 | CO4: Temp. Zone (>50,>40,<40) | CT4: System Size Differentiator | CY4: Ownership Differentiator | DB4: average> | DC4: =AVERAGE(DC7:DC106) -> 1.1634732 | DD4: Delay Differentiator: years between start-up & full ops | DJ4: Developer Differentiator | DP4: Module type differentiator | EA4: Std dev of 7-yr PI | EB4: =STDEV(EB7:EB106) -> 0.11293641 | ED4: Median PI | EE4: Median Degr | EF4: Median PI | EG4: Median Degr | EI4: Median PI | EJ4: Median PI | EN4: =MEDIAN(EN7:EN106) -> -0.011206468 | EQ4: =MEDIAN(EQ7:EQ106) -> -0.030461872 | ES4: Inter-annual variability (IAV) analysis of generation and insolation (to the right) | FR4: Avg
D5: =MODE(D7:D106) -> 2011 | E5: =COUNTIF(D7:D106,D5) -> 34 | J5: 1st 7yrs PI> | K5: =$EB$3 -> 0.93316367 | L5: (unwghtd) | N5: =MEDIAN(N7:N106) -> 2.2 | P5: =AVERAGE(P7:P106) -> 2071.9342 | Q5: =Q3/Q4 -> 0.91844204 | R5: < Fleet PI, wtd. | S5: Pvsyst,10city correlation by Tim from 2004 | T5: H>50, M>40, | X5: =MEDIAN(X7:X106) -> 0.36578658 | Y5: Corr'n. | Z5: Visible | AB5: Reported raw MWh per year - a small percentage, roughly 1%, of these numbers are impossibly high and will be capped at no greater than a 1.15 PI on the derived table to the right | AT5: =AVERAGEIF($CD$7:$CD$106,"Tracker",$N$7:$N$106) -> 6.7108853 | AU5: =AVERAGEIF($CD$7:$CD$106,"Fixed",$N$7:$N$106) -> 6.2390816 | AY5: Median age | AZ5: Lifetime | BA5: stdev | BB5: =STDEV(BB$7:BB$106) -> 0.1381353 | BC5: =STDEV(BC$7:BC$106) -> 0.17863442 | BD5: =STDEV(BD$7:BD$106) -> 0.1857432 | BE5: =STDEV(BE$7:BE$106) -> 0.17184592 | BF5: =STDEV(BF$7:BF$106) -> 0.17439292 | BG5: =STDEV(BG$7:BG$106) -> 0.1741732 | BH5: =STDEV(BH$7:BH$106) -> 0.1449996 | BI5: =STDEV(BI$7:BI$106) -> 0.21495687 | ... BR5: =STDEV(BR$7:BR$106) -> 0.31023098 | BZ5: This term uses the economics formula F/A, uniform series compound amount factor | CH5: Tm expec. | CI5: Average PI and degradation by state | CO5: Average PI and SLD degr by temperature | CY5: CHP=Combined Heat & Power | DB5: median> | DC5: =MEDIAN(DC7:DC31) -> 1.125 | DD5: =AVERAGE($DD$7:$DD$106) -> 0.96 | DE5: =AVERAGE(DE7:DE106) -> 15.41 | DF5: =MIN($DD$7:$DD$106) -> 0 | DG5: <-min,#-> | DH5: =COUNTIF($DD$7:$DD$106,$DF$5) -> 21 | DP5: (First Solar was sometimes used by | DT5: Actual | DU5: Expected | DV5: Expected | DW5: Expected | DX5: Expected | DY5: Expected | DZ5: Expected | EA5: Expected | EB5: 7-year | ED5: =MEDIAN(ED7:ED106) -> 0.74187241 | EE5: =MEDIAN(EE7:EE106) -> -0.055655574 | EF5: =MEDIAN(EF7:EF106) -> 0.86925867 | EG5: =MEDIAN(EG7:EG106) -> -0.017194623 | EI5: =MEDIAN(EI7:EI106) -> 0.89926888 | EJ5: =MEDIAN(EJ7:EJ106) -> 0.92412486 | EL5: First 7 years: linear degr. | EN5: 7-yr | EO5: Subsequent years: linear degr. | EQ5: post-7 | ES5: Squared deviation from straight-line fit, by year | FR5: =AVERAGE(FR7:FR106) -> 0.03138 | FS5: =COUNTIF($FS$7:$FS$106,">0.8") -> 12 | FT5: count | FV5: RMS var.
A6: Line# | B6: EIA# | C6: Name | D6: 1st full yr | E6: 1st kWh | F6: Sector | G6: Module type | H6: Developer | I6: (F)ix,(T)rkr | J6: Slope/Tilt | K6: State | L6: Lat | M6: Long | N6: MWp | O6: MWac | P6: POA (by eqn.) | Q6: TMY2 Source | R6: Annual T,air | S6: Estim. Tmod | T6: and C<40 | U6: GHI | V6: DHI | W6: Kt | X6: DF | Y6: Est.Clip | Z6: Degr Frac. | AA6: p50,Yr1 MWh | AB6: 1 | AC6: =AB6+1 -> 2 | AD6: =AC6+1 -> 3 | AE6: =AD6+1 -> 4 | AF6: =AE6+1 -> 5 | AG6: =AF6+1 -> 6 | AH6: =AG6+1 -> 7 | AI6: =AH6+1 -> 8 | AJ6: =AI6+1 -> 9 | ... AX6: =AW6+1 -> 23 | AY6: =MEDIAN($AY$7:$AY$106) -> 14 | AZ6: PR | BA6: Line # | BB6: =AB6 -> 1 | BC6: =AC6 -> 2 | BD6: =AD6 -> 3 | BE6: =AE6 -> 4 | BF6: =AF6 -> 5 | BG6: =AG6 -> 6 | BH6: =AH6 -> 7 | BI6: =AI6 -> 8 | ... BX6: =AX6 -> 23 | BY6: =BA6 -> Line # | BZ6: Expected | CA6: Actual | CB6: Lifetime PI | CC6: Percentile Rank | CD6: Type | CE6: Lifetime Degr | CF6: Linest slope | CG6: Linest Int. | CH6: PR adj. | CI6: State | CJ6: # systems | CK6: PI | CL6: Degr | CN6: Bin % | CO6: Type | CP6: # systems | CQ6: PI | CR6: SLD Degr | CT6: Size | CU6: PI | CV6: SLD | CW6: % of systems | CY6: Type | CZ6: PI | DA6: SLD | DB6: # systems | DC6: ILR | DD6: =STDEV($DD$7:$DD$106) -> 0.70953107 | DE6: field age | DF6: =MAX($DD$7:$DD$106) -> 3 | DG6: <-max,#-> | DH6: =COUNTIF($DD$7:$DD$106,$DF$6) -> 6 | DJ6: Name | DK6: Number | DL6: MWp | DM6: Avg PI | DN6: Avg SLD | DP6: developers other than FS) | DT6: 7-year MWh | DU6: yr 1 MWh | DV6: yr 2 MWh | DW6: yr 3 MWh | DX6: yr 4 MWh | DY6: yr 5 MWh | DZ6: yr 6 MWh | EA6: yr 7 MWh | EB6: PI | ED6: Hot | EE6: Hot | EF6: Cold | EG6: Cold | EI6: Hot | EJ6: Cold | EL6: slope | EM6: intercept | EN6: degr. | EO6: slope | EP6: intercept | EQ6: degr | ES6: 1 | ET6: =ES6+1 -> 2 | EU6: =ET6+1 -> 3 | EV6: =EU6+1 -> 4 | EW6: =EV6+1 -> 5 | EX6: =EW6+1 -> 6 | EY6: =EX6+1 -> 7 | EZ6: =EY6+1 -> 8 | FA6: =EZ6+1 -> 9 | ... FO6: =FN6+1 -> 23 | FQ6: RMS variability | FR6: TMY2 variability | FS6: % explained variability | FV6: 1st 7 yrs | FW6: % explained | FY6: Age | FZ6: Number | GA6: Fixed-tilt | GB6: Tracking
A7: 1 | B7: 141 | C7: Agua Fria PV-3 | D7: 2003 | E7: 2003 | F7: Electric Utility | G7: c-Si | H7: Other utility | I7: Tracker | J7: 0 | K7: AZ | L7: 33.5567 | M7: -112.21534 | N7: =2240*(115/1000000) -> 0.2576 | O7: 0.25 | P7: =365.25*8 -> 2922 | Q7: Phoenix | R7: 22.6 | S7: =R7+11.448+2.715*IF($I7="Tracker",P7*0.95,P7)/365.25 -> 54.682 | T7: =IF(S7>=50,"H",IF(S7>=40,"M","C")) -> H | U7: 2117 | V7: 566 | W7: 0.678 | X7: =V7/U7 -> 0.26735947 | Y7: =MAX(0,IF($I7="Tracker",P7*0.95,P7)*(N7/O7)*0.0000994+0.3284*X7-0.358) -> 0.014113414 | Z7: =EXP(-12.9*Y7) -> 0.83354879 | AA7: =N7*P7*INDEX($C$3:$D$4,MATCH(I7,$C$3:$C$4,0),2)*CH7 -> 541.77865 | AB7: 395 | AC7: 297 | AD7: 111 | AE7: 285 | AF7: 398 | AG7: 437 | AH7: 201 | AI7: 438 | AJ7: 447 | AK7: 437 | AL7: 395 | AM7: 255 | AN7: 0 | AO7: 153 | AP7: 217 | AQ7: 281 | AR7: 136 | AS7: 0 | AT7: 0 | AU7: 0 | AV7: 0 | AW7: 21 | AX7: 79 | AY7: 23 | AZ7: =SUM(AB7:AX7)/AY7/N7/P7 -> 0.28783061 | BA7: =A7 -> 1 | BB7: =IF(ISNUMBER(AB7),MIN(1.15,AB7/($AA7*(1-$K$3)^(BB$6-1))),"") -> 0.72908004 | BC7: =IF(ISNUMBER(AC7),MIN(1.15,AC7/($AA7*(1-$K$3)^(BC$6-1))),"") -> 0.55094911 | BD7: =IF(ISNUMBER(AD7),MIN(1.15,AD7/($AA7*(1-$K$3)^(BD$6-1))),"") -> 0.206945 | BE7: =IF(ISNUMBER(AE7),MIN(1.15,AE7/($AA7*(1-$K$3)^(BE$6-1))),"") -> 0.53401534 | BF7: =IF(ISNUMBER(AF7),MIN(1.15,AF7/($AA7*(1-$K$3)^(BF$6-1))),"") -> 0.74949521 | BG7: =IF(ISNUMBER(AG7),MIN(1.15,AG7/($AA7*(1-$K$3)^(BG$6-1))),"") -> 0.82707358 | BH7: =IF(ISNUMBER(AH7),MIN(1.15,AH7/($AA7*(1-$K$3)^(BH$6-1))),"") -> 0.38232763 | BI7: =IF(ISNUMBER(AI7),MIN(1.15,AI7/($AA7*(1-$K$3)^(BI$6-1))),"") -> 0.83731845 | ... BX7: =IF(ISNUMBER(AX7),MIN(1.15,AX7/($AA7*(1-$K$3)^(BX$6-1))),"") -> 0.16281613 | BY7: =A7 -> 1 | BZ7: =$AA7*IF($K$3=0,$AY7,((1-$K$3)^$AY7-1)/-$K$3) -> 11798.958 | CA7: =SUM(AB7:AX7) -> 4983 | CB7: =CA7/BZ7 -> 0.42232544 | CC7: =ROUND(RANK(CB7,$CB$7:$CB$106,0),0) -> 99 | CD7: =I7 -> Tracker | CE7: =CF7/(CG7+CF7*AY7/2) -> -0.076876016 | CF7: {=LINEST(AB7:AX7,AB$6:AX$6,TRUE,FALSE)} -> -17.321146 | CG7: 424.50593 | CH7: =1+IF(G7="CdSCdTe",-0.0025,-0.004)*(S7-$S$4) -> 0.94707031 | CI7: CA | CJ7: =COUNTIF($K$7:$K$106,$CI7) -> 30 | CK7: =AVERAGEIF($K$7:$K$106,$CI7,$CB$7:$CB$106) -> 0.80976998 | CL7: =AVERAGEIF($K$7:$K$106,$CI7,$CE$7:$CE$106) -> -0.045529532 | CN7: =CP7/$CP$10 -> 0.12 | CO7: H | CP7: =COUNTIF($T$7:$T$106,$CO7) -> 12 | CQ7: =AVERAGEIFS($CB$7:$CB$106,$T$7:$T$106,$CO7) -> 0.74933481 | CR7: =AVERAGEIFS($CE$7:$CE$106,$T$7:$T$106,$CO7) -> -0.053836658 | CT7: >5 MW,ac | CU7: =AVERAGEIFS($CB$7:$CB$106,$O$7:$O$106,">5") -> 0.94484909 | CV7: =AVERAGEIFS($CE$7:$CE$106,$O$7:$O$106,">5") -> -0.02042797 | CW7: =COUNTIF($O$7:$O$106,">5") -> 23 | CY7: Commercial CHP | CZ7: =AVERAGEIF($F$7:$F$106,$CY7,$CB$7:$CB$106) -> 0.71747425 | DA7: =AVERAGEIF($F$7:$F$106,$CY7,$CE$7:$CE$106) -> -0.012305416 | DB7: =COUNTIF($F$7:$F$106,$CY7) -> 2 | DC7: =N7/O7 -> 1.0304 | DD7: =D7-E7 -> 0 | DE7: =AY7+DD7 -> 23 | DJ7: BlueOak | DK7: =COUNTIF($H$7:$H$106,$DJ7) -> 1 | DL7: =SUMIF($H$7:$H$106,$DJ7,$N$7:$N$106) -> 37.7 | DM7: =AVERAGEIF($H$7:$H$106,$DJ7,$CB$7:$CB$106) -> 1.025617 | DN7: =AVERAGEIF($H$7:$H$106,$DJ7,$CE$7:$CE$106) -> -0.010895507 | DP7: CdSCdTe | DQ7: =COUNTIF($G$7:$G$106,$DP7) -> 15 | DT7: =SUM(AB7:AH7) -> 2124 | DU7: =IF(BB7>0,AB7/BB7,$AA7) -> 541.77865 | DV7: =IF(BC7>0,AC7/BC7,$AA7) -> 539.06976 | DW7: =IF(BD7>0,AD7/BD7,$AA7) -> 536.37441 | DX7: =IF(BE7>0,AE7/BE7,$AA7) -> 533.69253 | DY7: =IF(BF7>0,AF7/BF7,$AA7) -> 531.02407 | DZ7: =IF(BG7>0,AG7/BG7,$AA7) -> 528.36895 | EA7: =IF(BH7>0,AH7/BH7,$AA7) -> 525.72711 | EB7: =DT7/SUM(DU7:EA7) -> 0.56851709 | ED7: =IF($T7="H",CB7," ") -> 0.42232544 | EE7: =IF($T7="H",$CE7," ") -> -0.076876016 | EF7: =IF($T7="C",CB7," ") | EG7: =IF($T7="C",CE7," ") | EI7: =IF($T7="H",$EB7," ") -> 0.56851709 | EJ7: =IF($T7="C",$EB7," ") | EL7: {=LINEST($AB7:$AH7,$AB$6:$AH$6,TRUE,FALSE)} -> -0.53571429 | EM7: 305.57143 | EN7: =EL7/(EL7*($AB$6+$AH$6)*0.5+EM7) -> -0.0017655367 | EO7: {=LINEST($AH7:$AX7,$AH$6:$AX$6,TRUE,FALSE)} -> -26.242647 | EP7: 573.63971 | EQ7: =EO7/(EO7*(AY7/2+7/2)+EP7) -> -0.14579248 | ES7: =($EM7+$EL7*ES$6-AB7)^2 -> 8093.5727 | ET7: =($EM7+$EL7*ET$6-AC7)^2 -> 56.25 | EU7: =($EM7+$EL7*EU$6-AD7)^2 -> 37235.216 | EV7: =($EM7+$EL7*EV$6-AE7)^2 -> 339.61224 | EW7: =($EM7+$EL7*EW$6-AF7)^2 -> 9045.3686 | EX7: =($EM7+$EL7*EX$6-AG7)^2 -> 18128.699 | EY7: =($EM7+$EL7*EY$6-AH7)^2 -> 10164.96 | EZ7: =($EP7+$EO7*EZ$6-AI7)^2 -> 5520.7085 | FA7: =($EP7+$EO7*FA$6-AJ7)^2 -> 11999.914 | FB7: =($EP7+$EO7*FB$6-AK7)^2 -> 15822.31 | FC7: =($EP7+$EO7*FC$6-AL7)^2 -> 12106.471 | FD7: =($EP7+$EO7*FD$6-AM7)^2 -> 13.897545 | FE7: =($EP7+$EO7*FE$6-AN7)^2 -> 54049.412 | FF7: =($EP7+$EO7*FF$6-AO7)^2 -> 2834.7795 | FG7: =($EP7+$EO7*FG$6-AP7)^2 -> 1369 | ... FO7: =($EP7+$EO7*FO$6-AX7)^2 -> 11868.18 | FQ7: =SQRT(AVERAGE(ES7:FO7))/AVERAGE(AB7:AX7) -> 0.46585894 | FR7: 0.036 | FS7: =FR7/FQ7 -> 0.07727661 | FV7: =SQRT(AVERAGE(ES7:EY7))/AVERAGE(AB7:AH7) -> 0.35900466 | FW7: =FR7/FV7 -> 0.10027725 | FY7: 12 | FZ7: =COUNTIF($AY$7:$AY$106,FY7) -> 3 | GA7: =COUNTIFS($I$7:$I$106,"Fixed",$AY$7:$AY$106,$FY7) -> 3 | GB7: =COUNTIFS($I$7:$I$106,"Tracker",$AY$7:$AY$106,$FY7) -> 0
A8: =A7+1 -> 2 | B8: 56568 | C8: Nellis Sunpower | D8: 2008 | E8: 2007 | F8: Commercial Non-CHP | G8: Si_IBC | H8: SunPower | I8: Tracker | J8: 20 | K8: NV | L8: 36.26 | M8: -115.05 | N8: 14.2 | O8: 13.2 | P8: =365.25*(8.7*(12.2/$N$8)+8.1*(2/$N$8)) -> 3146.8088 | Q8: Las Vegas | R8: 19.5 | S8: =R8+11.448+2.715*IF($I8="Tracker",P8*0.95,P8)/365.25 -> 53.16951 | T8: =IF(S8>=50,"H",IF(S8>=40,"M","C")) -> H | U8: 2078 | V8: 550 | W8: 0.684 | X8: =V8/U8 -> 0.26467757 | Y8: =MAX(0,IF($I8="Tracker",P8*0.95,P8)*(N8/O8)*0.0000994+0.3284*X8-0.358) -> 0.048584873 | Z8: =EXP(-12.9*Y8) -> 0.53432828 | AA8: 32000 | AB8: 32500 | AC8: 32000 | AD8: 31301 | AE8: 32125 | AF8: 32159 | AG8: 31758 | AH8: 31202 | AI8: 30428 | AJ8: 19725 | AK8: 28213 | AL8: 26910 | AM8: 26474 | AN8: 24959 | AO8: 19180 | AP8: 19975 | AQ8: 21723 | AR8: 23764 | AY8: 17 | AZ8: =SUM(AB8:AX8)/AY8/N8/P8 -> 0.61133723 | BA8: =A8 -> 2 | BB8: =IF(ISNUMBER(AB8),MIN(1.15,AB8/($AA8*(1-$K$3)^(BB$6-1))),"") -> 1.015625 | BC8: =IF(ISNUMBER(AC8),MIN(1.15,AC8/($AA8*(1-$K$3)^(BC$6-1))),"") -> 1.0050251 | BD8: =IF(ISNUMBER(AD8),MIN(1.15,AD8/($AA8*(1-$K$3)^(BD$6-1))),"") -> 0.98801167 | BE8: =IF(ISNUMBER(AE8),MIN(1.15,AE8/($AA8*(1-$K$3)^(BE$6-1))),"") -> 1.0191167 | BF8: =IF(ISNUMBER(AF8),MIN(1.15,AF8/($AA8*(1-$K$3)^(BF$6-1))),"") -> 1.0253219 | BG8: =IF(ISNUMBER(AG8),MIN(1.15,AG8/($AA8*(1-$K$3)^(BG$6-1))),"") -> 1.017625 | BH8: =IF(ISNUMBER(AH8),MIN(1.15,AH8/($AA8*(1-$K$3)^(BH$6-1))),"") -> 1.0048332 | BI8: =IF(ISNUMBER(AI8),MIN(1.15,AI8/($AA8*(1-$K$3)^(BI$6-1))),"") -> 0.98483135 | ... BR8: =IF(ISNUMBER(AR8),MIN(1.15,AR8/($AA8*(1-$K$3)^(BR$6-1))),"") -> 0.80463751 | BY8: =A8 -> 2 | BZ8: =$AA8*IF($K$3=0,$AY8,((1-$K$3)^$AY8-1)/-$K$3) -> 522774.6 | CA8: =SUM(AB8:AX8) -> 464396 | CB8: =CA8/BZ8 -> 0.88832931 | CC8: =ROUND(RANK(CB8,$CB$7:$CB$106,0),0) -> 43 | CD8: =I8 -> Tracker | CE8: =CF8/(CG8+CF8*AY8/2) -> -0.029172847 | CF8: {=LINEST(AB8:AR8,AB$6:AR$6,TRUE,FALSE)} -> -808.72304 | CG8: 34595.919 | CH8: =1+IF(G8="CdSCdTe",-0.0025,-0.004)*(S8-$S$4) -> 0.95312027 | CI8: NJ | CJ8: =COUNTIF($K$7:$K$106,$CI8) -> 16 | CK8: =AVERAGEIF($K$7:$K$106,$CI8,$CB$7:$CB$106) -> 0.86867304 | CL8: =AVERAGEIF($K$7:$K$106,$CI8,$CE$7:$CE$106) -> -0.017528923 | CN8: =CP8/$CP$10 -> 0.41 | CO8: M | CP8: =COUNTIF($T$7:$T$106,$CO8) -> 41 | CQ8: =AVERAGEIFS($CB$7:$CB$106,$T$7:$T$106,$CO8) -> 0.84330881 | CR8: =AVERAGEIFS($CE$7:$CE$106,$T$7:$T$106,$CO8) -> -0.03588841 | CT8: <5 MW,ac | CU8: =AVERAGEIFS($CB$7:$CB$106,$O$7:$O$106,"<=5") -> 0.80811512 | CV8: =AVERAGEIFS($CE$7:$CE$106,$O$7:$O$106,"<=5") -> -0.034297443 | CW8: =COUNTIF($O$7:$O$106,"<=5") -> 77 | CY8: Commercial Non-CHP | CZ8: =AVERAGEIF($F$7:$F$106,$CY8,$CB$7:$CB$106) -> 0.76961345 | DA8: =AVERAGEIF($F$7:$F$106,$CY8,$CE$7:$CE$106) -> -0.062955953 | DB8: =COUNTIF($F$7:$F$106,$CY8) -> 9 | DC8: =N8/O8 -> 1.0757576 | DD8: =D8-E8 -> 1 | DE8: =AY8+DD8 -> 18 | DJ8: Conergy | DK8: =COUNTIF($H$7:$H$106,$DJ8) -> 1 | DL8: =SUMIF($H$7:$H$106,$DJ8,$N$7:$N$106) -> 1.5936 | DM8: =AVERAGEIF($H$7:$H$106,$DJ8,$CB$7:$CB$106) -> 0.90564218 | DN8: =AVERAGEIF($H$7:$H$106,$DJ8,$CE$7:$CE$106) -> -0.031310529 | DP8: c-Si | DQ8: =COUNTIF($G$7:$G$106,$DP8) -> 80 | DT8: =SUM(AB8:AH8) -> 223045 | DU8: =IF(BB8>0,AB8/BB8,$AA8) -> 32000 | DV8: =IF(BC8>0,AC8/BC8,$AA8) -> 31840 | DW8: =IF(BD8>0,AD8/BD8,$AA8) -> 31680.8 | DX8: =IF(BE8>0,AE8/BE8,$AA8) -> 31522.396 | DY8: =IF(BF8>0,AF8/BF8,$AA8) -> 31364.784 | DZ8: =IF(BG8>0,AG8/BG8,$AA8) -> 31207.96 | EA8: =IF(BH8>0,AH8/BH8,$AA8) -> 31051.92 | EB8: =DT8/SUM(DU8:EA8) -> 1.0107725 | ED8: =IF($T8="H",CB8," ") -> 0.88832931 | EE8: =IF($T8="H",$CE8," ") -> -0.029172847 | EF8: =IF($T8="C",CB8," ") | EG8: =IF($T8="C",CE8," ") | EI8: =IF($T8="H",$EB8," ") -> 1.0107725 | EJ8: =IF($T8="C",$EB8," ") | EL8: {=LINEST($AB8:$AH8,$AB$6:$AH$6,TRUE,FALSE)} -> -125.71429 | EM8: 32366.429 | EN8: =EL8/(EL8*($AB$6+$AH$6)*0.5+EM8) -> -0.0039453922 | EO8: {=LINEST($AH8:$AR8,$AH$6:$AR$6,TRUE,FALSE)} -> -829.79091 | EP8: 34735.036 | EQ8: =EO8/(EO8*(AY8/2+7/2)+EP8) -> -0.033489633 | ES8: =($EM8+$EL8*ES$6-AB8)^2 -> 67229.082 | ET8: =($EM8+$EL8*ET$6-AC8)^2 -> 13225 | EU8: =($EM8+$EL8*EU$6-AD8)^2 -> 473737.22 | EV8: =($EM8+$EL8*EV$6-AE8)^2 -> 68344.898 | EW8: =($EM8+$EL8*EW$6-AF8)^2 -> 177361.31 | EX8: =($EM8+$EL8*EX$6-AG8)^2 -> 21274.306 | EY8: =($EM8+$EL8*EY$6-AH8)^2 -> 80899.612 | EZ8: =($EP8+$EO8*EZ$6-AI8)^2 -> 5434917.3 | FA8: =($EP8+$EO8*FA$6-AJ8)^2 -> 56880530 | FB8: =($EP8+$EO8*FB$6-AK8)^2 -> 3153723.9 | FC8: =($EP8+$EO8*FC$6-AL8)^2 -> 1696932.5 | FD8: =($EP8+$EO8*FD$6-AM8)^2 -> 2877958 | FE8: =($EP8+$EO8*FE$6-AN8)^2 -> 1022617.4 | FF8: =($EP8+$EO8*FF$6-AO8)^2 -> 15507558 | FG8: =($EP8+$EO8*FG$6-AP8)^2 -> 5350768.1 | ... FI8: =($EP8+$EO8*FI$6-AR8)^2 -> 9830790.2 | FQ8: =SQRT(AVERAGE(ES8:FI8))/AVERAGE(AB8:AR8) -> 0.089987083 | FR8: 0.041 | FS8: =FR8/FQ8 -> 0.45562095 | FV8: =SQRT(AVERAGE(ES8:EY8))/AVERAGE(AB8:AH8) -> 0.011266188 | FW8: =FR8/FV8 -> 3.6392079 | FY8: =FY7+1 -> 13 | FZ8: =COUNTIF($AY$7:$AY$106,FY8) -> 24 | GA8: =COUNTIFS($I$7:$I$106,"Fixed",$AY$7:$AY$106,$FY8) -> 14 | GB8: =COUNTIFS($I$7:$I$106,"Tracker",$AY$7:$AY$106,$FY8) -> 10
A9: =A8+1 -> 3 | B9: 56481 | C9: SunE Alamosa1 | D9: 2008 | E9: 2007 | F9: IPP Non-CHP | G9: c-Si | H9: SunEdison | I9: Tracker | J9: 0 | K9: CO | L9: 37.6903 | M9: -105.8805 | N9: 9.2 | O9: 8.2 | P9: =365.25*(8.8*(1/$N$9)+7.7*(8.2/$N$9)) -> 2856.0962 | Q9: Alamosa | R9: 5.1 | S9: =R9+11.448+2.715*IF($I9="Tracker",P9*0.95,P9)/365.25 -> 36.716614 | T9: =IF(S9>=50,"H",IF(S9>=40,"M","C")) -> C | U9: 1926 | V9: 518 | W9: 0.644 | X9: =V9/U9 -> 0.26895119 | Y9: =MAX(0,IF($I9="Tracker",P9*0.95,P9)*(N9/O9)*0.0000994+0.3284*X9-0.358) -> 0.032915122 | Z9: =EXP(-12.9*Y9) -> 0.65402803 | AA9: =N9*P9*INDEX($C$3:$D$4,MATCH(I9,$C$3:$C$4,0),2)*CH9 -> 20347.89 | AB9: 17531 | AC9: 17455 | AD9: 17608 | AE9: 17797 | AF9: 17573 | AG9: 16907 | AH9: 16601 | AI9: 2638 | AJ9: 2636 | AK9: 34876 | AL9: 15939 | AM9: 15517 | AN9: 14258 | AO9: 12321 | AP9: 13729 | AQ9: 11357 | AR9: 13435 | AY9: 17 | AZ9: =SUM(AB9:AX9)/AY9/N9/P9 -> 0.5779758 | BA9: =A9 -> 3 | BB9: =IF(ISNUMBER(AB9),MIN(1.15,AB9/($AA9*(1-$K$3)^(BB$6-1))),"") -> 0.86156351 | BC9: =IF(ISNUMBER(AC9),MIN(1.15,AC9/($AA9*(1-$K$3)^(BC$6-1))),"") -> 0.86213918 | BD9: =IF(ISNUMBER(AD9),MIN(1.15,AD9/($AA9*(1-$K$3)^(BD$6-1))),"") -> 0.8740665 | BE9: =IF(ISNUMBER(AE9),MIN(1.15,AE9/($AA9*(1-$K$3)^(BE$6-1))),"") -> 0.88788796 | BF9: =IF(ISNUMBER(AF9),MIN(1.15,AF9/($AA9*(1-$K$3)^(BF$6-1))),"") -> 0.88111825 | BG9: =IF(ISNUMBER(AG9),MIN(1.15,AG9/($AA9*(1-$K$3)^(BG$6-1))),"") -> 0.85198463 | BH9: =IF(ISNUMBER(AH9),MIN(1.15,AH9/($AA9*(1-$K$3)^(BH$6-1))),"") -> 0.84076839 | BI9: =IF(ISNUMBER(AI9),MIN(1.15,AI9/($AA9*(1-$K$3)^(BI$6-1))),"") -> 0.13427459 | ... BR9: =IF(ISNUMBER(AR9),MIN(1.15,AR9/($AA9*(1-$K$3)^(BR$6-1))),"") -> 0.71540009 | BY9: =A9 -> 3 | BZ9: =$AA9*IF($K$3=0,$AY9,((1-$K$3)^$AY9-1)/-$K$3) -> 332417.51 | CA9: =SUM(AB9:AX9) -> 258178 | CB9: =CA9/BZ9 -> 0.77666787 | CC9: =ROUND(RANK(CB9,$CB$7:$CB$106,0),0) -> 72 | CD9: =I9 -> Tracker | CE9: =CF9/(CG9+CF9*AY9/2) -> -0.018012393 | CF9: {=LINEST(AB9:AR9,AB$6:AR$6,TRUE,FALSE)} -> -276.03922 | CG9: 17671.294 | CH9: =1+IF(G9="CdSCdTe",-0.0025,-0.004)*(S9-$S$4) -> 1.0189319 | CI9: CO | CJ9: =COUNTIF($K$7:$K$106,$CI9) -> 8 | CK9: =AVERAGEIF($K$7:$K$106,$CI9,$CB$7:$CB$106) -> 0.82407751 | CL9: =AVERAGEIF($K$7:$K$106,$CI9,$CE$7:$CE$106) -> -0.024628205 | CN9: =CP9/$CP$10 -> 0.47 | CO9: C | CP9: =COUNTIF($T$7:$T$106,$CO9) -> 47 | CQ9: =AVERAGEIFS($CB$7:$CB$106,$T$7:$T$106,$CO9) -> 0.85933434 | CR9: =AVERAGEIFS($CE$7:$CE$106,$T$7:$T$106,$CO9) -> -0.021133653 | CT9: All | CU9: =AVERAGE($CB$7:$CB$106) -> 0.83956393 | CV9: =AVERAGE($CE$7:$CE$106) -> -0.031107464 | CW9: =SUM(CW7:CW8) -> 100 | CY9: All Commercial | CZ9: =SUMPRODUCT(CZ7:CZ8,$DB7:$DB8)/$DB9 -> 0.76013359 | DA9: =SUMPRODUCT(DA7:DA8,$DB7:$DB8)/$DB9 -> -0.053746765 | DB9: =SUM(DB7:DB8) -> 11 | DC9: =N9/O9 -> 1.1219512 | DD9: =D9-E9 -> 1 | DE9: =AY9+DD9 -> 18 | DJ9: Duke | DK9: =COUNTIF($H$7:$H$106,$DJ9) -> 4 | DL9: =SUMIF($H$7:$H$106,$DJ9,$N$7:$N$106) -> 5.935 | DM9: =AVERAGEIF($H$7:$H$106,$DJ9,$CB$7:$CB$106) -> 0.80917875 | DN9: =AVERAGEIF($H$7:$H$106,$DJ9,$CE$7:$CE$106) -> -0.044119046 | DP9: HIT | DQ9: =COUNTIF($G$7:$G$106,$DP9) -> 0 | DT9: =SUM(AB9:AH9) -> 121472 | DU9: =IF(BB9>0,AB9/BB9,$AA9) -> 20347.89 | DV9: =IF(BC9>0,AC9/BC9,$AA9) -> 20246.151 | DW9: =IF(BD9>0,AD9/BD9,$AA9) -> 20144.92 | DX9: =IF(BE9>0,AE9/BE9,$AA9) -> 20044.196 | DY9: =IF(BF9>0,AF9/BF9,$AA9) -> 19943.975 | DZ9: =IF(BG9>0,AG9/BG9,$AA9) -> 19844.255 | EA9: =IF(BH9>0,AH9/BH9,$AA9) -> 19745.034 | EB9: =DT9/SUM(DU9:EA9) -> 0.86570053 | ED9: =IF($T9="H",CB9," ") | EE9: =IF($T9="H",$CE9," ") | EF9: =IF($T9="C",CB9," ") -> 0.77666787 | EG9: =IF($T9="C",CE9," ") -> -0.018012393 | EI9: =IF($T9="H",$EB9," ") | EJ9: =IF($T9="C",$EB9," ") -> 0.86570053 | EL9: {=LINEST($AB9:$AH9,$AB$6:$AH$6,TRUE,FALSE)} -> -140.03571 | EM9: 17913.286 | EN9: =EL9/(EL9*($AB$6+$AH$6)*0.5+EM9) -> -0.0080697609 | EO9: {=LINEST($AH9:$AR9,$AH$6:$AR$6,TRUE,FALSE)} -> 50.309091 | EP9: 13333.291 | EQ9: =EO9/(EO9*(AY9/2+7/2)+EP9) -> 0.0036097504 | ES9: =($EM9+$EL9*ES$6-AB9)^2 -> 58685.063 | ET9: =($EM9+$EL9*ET$6-AC9)^2 -> 31760.332 | EU9: =($EM9+$EL9*EU$6-AD9)^2 -> 13183.96 | EV9: =($EM9+$EL9*EV$6-AE9)^2 -> 197009.16 | EW9: =($EM9+$EL9*EW$6-AF9)^2 -> 129522.87 | EX9: =($EM9+$EL9*EX$6-AG9)^2 -> 27579.719 | EY9: =($EM9+$EL9*EY$6-AH9)^2 -> 110247.72 | EZ9: =($EP9+$EO9*EZ$6-AI9)^2 -> 1.2316036e+08 | FA9: =($EP9+$EO9*FA$6-AJ9)^2 -> 1.2432412e+08 | FB9: =($EP9+$EO9*FB$6-AK9)^2 -> 4.4266553e+08 | FC9: =($EP9+$EO9*FC$6-AL9)^2 -> 4211972.6 | FD9: =($EP9+$EO9*FD$6-AM9)^2 -> 2496400 | FE9: =($EP9+$EO9*FE$6-AN9)^2 -> 73273.568 | FF9: =($EP9+$EO9*FF$6-AO9)^2 -> 2946778 | FG9: =($EP9+$EO9*FG$6-AP9)^2 -> 128828.79 | ... FI9: =($EP9+$EO9*FI$6-AR9)^2 -> 567830.75 | FQ9: =SQRT(AVERAGE(ES9:FI9))/AVERAGE(AB9:AR9) -> 0.42519788 | FR9: 0.031 | FS9: =FR9/FQ9 -> 0.072907231 | FV9: =SQRT(AVERAGE(ES9:EY9))/AVERAGE(AB9:AH9) -> 0.01641507 | FW9: =FR9/FV9 -> 1.8885086 | FY9: =FY8+1 -> 14 | FZ9: =COUNTIF($AY$7:$AY$106,FY9) -> 32 | GA9: =COUNTIFS($I$7:$I$106,"Fixed",$AY$7:$AY$106,$FY9) -> 25 | GB9: =COUNTIFS($I$7:$I$106,"Tracker",$AY$7:$AY$106,$FY9) -> 7
A10: =A9+1 -> 4 | B10: 56900 | C10: Atlantic Cty ConvCtr | D10: 2009 | E10: 2008 | F10: Commercial Non-CHP | G10: c-Si | H10: Unknown | I10: Fixed | J10: 10 | K10: NJ | L10: 39.36 | M10: -74.44 | N10: 2.4 | O10: 2 | P10: =365.25*4.3 -> 1570.575 | Q10: Atlantic City | R10: 11.7 | S10: =R10+11.448+2.715*IF($I10="Tracker",P10*0.95,P10)/365.25 -> 34.8225 | T10: =IF(S10>=50,"H",IF(S10>=40,"M","C")) -> C | U10: 1486 | V10: 672 | W10: 0.509 | X10: =V10/U10 -> 0.45222073 | Y10: =MAX(0,IF($I10="Tracker",P10*0.95,P10)*(N10/O10)*0.0000994+0.3284*X10-0.358) -> 0 | Z10: =EXP(-12.9*Y10) -> 1 | AA10: =N10*P10*INDEX($C$3:$D$4,MATCH(I10,$C$3:$C$4,0),2)*CH10 -> 3095.4399 | AB10: 2767 | AC10: 3028 | AD10: 3069 | AE10: 3066 | AF10: 2850 | AG10: 2979 | AH10: 2982 | AI10: 3062 | AJ10: 2990 | AK10: 2899 | AL10: 3117 | AM10: 3054 | AN10: 2986 | AO10: 3094 | AP10: 2817 | AQ10: 2075 | AY10: 16 | AZ10: =SUM(AB10:AX10)/AY10/N10/P10 -> 0.77657002 | BA10: =A10 -> 4 | BB10: =IF(ISNUMBER(AB10),MIN(1.15,AB10/($AA10*(1-$K$3)^(BB$6-1))),"") -> 0.89389556 | BC10: =IF(ISNUMBER(AC10),MIN(1.15,AC10/($AA10*(1-$K$3)^(BC$6-1))),"") -> 0.98312878 | BD10: =IF(ISNUMBER(AD10),MIN(1.15,AD10/($AA10*(1-$K$3)^(BD$6-1))),"") -> 1.0014479 | BE10: =IF(ISNUMBER(AE10),MIN(1.15,AE10/($AA10*(1-$K$3)^(BE$6-1))),"") -> 1.0054964 | BF10: =IF(ISNUMBER(AF10),MIN(1.15,AF10/($AA10*(1-$K$3)^(BF$6-1))),"") -> 0.93935588 | BG10: =IF(ISNUMBER(AG10),MIN(1.15,AG10/($AA10*(1-$K$3)^(BG$6-1))),"") -> 0.98680813 | BH10: =IF(ISNUMBER(AH10),MIN(1.15,AH10/($AA10*(1-$K$3)^(BH$6-1))),"") -> 0.99276573 | BI10: =IF(ISNUMBER(AI10),MIN(1.15,AI10/($AA10*(1-$K$3)^(BI$6-1))),"") -> 1.0245219 | ... BQ10: =IF(ISNUMBER(AQ10),MIN(1.15,AQ10/($AA10*(1-$K$3)^(BQ$6-1))),"") -> 0.72268578 | BY10: =A10 -> 4 | BZ10: =$AA10*IF($K$3=0,$AY10,((1-$K$3)^$AY10-1)/-$K$3) -> 47712.415 | CA10: =SUM(AB10:AX10) -> 46835 | CB10: =CA10/BZ10 -> 0.98161034 | CC10: =ROUND(RANK(CB10,$CB$7:$CB$106,0),0) -> 14 | CD10: =I10 -> Fixed | CE10: =CF10/(CG10+CF10*AY10/2) -> -0.0058961927 | CF10: {=LINEST(AB10:AQ10,AB$6:AQ$6,TRUE,FALSE)} -> -17.310294 | CG10: 3074.325 | CH10: =1+IF(G10="CdSCdTe",-0.0025,-0.004)*(S10-$S$4) -> 1.0265083 | CI10: NC | CJ10: =COUNTIF($K$7:$K$106,$CI10) -> 7 | CK10: =AVERAGEIF($K$7:$K$106,$CI10,$CB$7:$CB$106) -> 0.79313051 | CL10: =AVERAGEIF($K$7:$K$106,$CI10,$CE$7:$CE$106) -> -0.040097536 | CO10: All | CP10: =SUM(CP7:CP9) -> 100 | CQ10: =AVERAGE($CB$7:$CB$106) -> 0.83956393 | CR10: =AVERAGE($CE$7:$CE$106) -> -0.031107464 | CY10: Electric Utility | CZ10: =AVERAGEIF($F$7:$F$106,$CY10,$CB$7:$CB$106) -> 0.84702396 | DA10: =AVERAGEIF($F$7:$F$106,$CY10,$CE$7:$CE$106) -> -0.031730114 | DB10: =COUNTIF($F$7:$F$106,$CY10) -> 24 | DC10: =N10/O10 -> 1.2 | DD10: =D10-E10 -> 1 | DE10: =AY10+DD10 -> 17 | DJ10: First Solar | DK10: =COUNTIF($H$7:$H$106,$DJ10) -> 10 | DL10: =SUMIF($H$7:$H$106,$DJ10,$N$7:$N$106) -> 167.03638 | DM10: =AVERAGEIF($H$7:$H$106,$DJ10,$CB$7:$CB$106) -> 0.9172278 | DN10: =AVERAGEIF($H$7:$H$106,$DJ10,$CE$7:$CE$106) -> -0.0131601 | DP10: Si_IBC | DQ10: =COUNTIF($G$7:$G$106,$DP10) -> 5 | DT10: =SUM(AB10:AH10) -> 20741 | DU10: =IF(BB10>0,AB10/BB10,$AA10) -> 3095.4399 | DV10: =IF(BC10>0,AC10/BC10,$AA10) -> 3079.9627 | DW10: =IF(BD10>0,AD10/BD10,$AA10) -> 3064.5629 | DX10: =IF(BE10>0,AE10/BE10,$AA10) -> 3049.2401 | DY10: =IF(BF10>0,AF10/BF10,$AA10) -> 3033.9939 | DZ10: =IF(BG10>0,AG10/BG10,$AA10) -> 3018.8239 | EA10: =IF(BH10>0,AH10/BH10,$AA10) -> 3003.7298 | EB10: =DT10/SUM(DU10:EA10) -> 0.97166868 | ED10: =IF($T10="H",CB10," ") | EE10: =IF($T10="H",$CE10," ") | EF10: =IF($T10="C",CB10," ") -> 0.98161034 | EG10: =IF($T10="C",CE10," ") -> -0.0058961927 | EI10: =IF($T10="H",$EB10," ") | EJ10: =IF($T10="C",$EB10," ") -> 0.97166868 | EL10: {=LINEST($AB10:$AH10,$AB$6:$AH$6,TRUE,FALSE)} -> 11.714286 | EM10: 2916.1429 | EN10: =EL10/(EL10*($AB$6+$AH$6)*0.5+EM10) -> 0.003953522 | EO10: {=LINEST($AH10:$AQ10,$AH$6:$AQ$6,TRUE,FALSE)} -> -55.515152 | EP10: 3546.0242 | EQ10: =EO10/(EO10*(AY10/2+7/2)+EP10) -> -0.019093119 | ES10: =($EM10+$EL10*ES$6-AB10)^2 -> 25875.02 | ET10: =($EM10+$EL10*ET$6-AC10)^2 -> 7819.6122 | EU10: =($EM10+$EL10*EU$6-AD10)^2 -> 13856.653 | EV10: =($EM10+$EL10*EV$6-AE10)^2 -> 10609 | EW10: =($EM10+$EL10*EW$6-AF10)^2 -> 15553.653 | EX10: =($EM10+$EL10*EX$6-AG10)^2 -> 55.183673 | EY10: =($EM10+$EL10*EY$6-AH10)^2 -> 260.59184 | EZ10: =($EP10+$EO10*EZ$6-AI10)^2 -> 1592.2518 | FA10: =($EP10+$EO10*FA$6-AJ10)^2 -> 3179.5929 | FB10: =($EP10+$EO10*FB$6-AK10)^2 -> 8440.598 | FC10: =($EP10+$EO10*FC$6-AL10)^2 -> 32993.97 | FD10: =($EP10+$EO10*FD$6-AM10)^2 -> 30330.861 | FE10: =($EP10+$EO10*FE$6-AN10)^2 -> 26138.071 | FF10: =($EP10+$EO10*FF$6-AO10)^2 -> 105747.16 | FG10: =($EP10+$EO10*FG$6-AP10)^2 -> 10754.318 | FH10: =($EP10+$EO10*FH$6-AQ10)^2 -> 339634.65 | FQ10: =SQRT(AVERAGE(ES10:FH10))/AVERAGE(AB10:AQ10) -> 0.067941766 | FR10: 0.0275 | FS10: =FR10/FQ10 -> 0.40475839 | FV10: =SQRT(AVERAGE(ES10:EY10))/AVERAGE(AB10:AH10) -> 0.034707423 | FW10: =FR10/FV10 -> 0.79233772 | FY10: =FY9+1 -> 15 | FZ10: =COUNTIF($AY$7:$AY$106,FY10) -> 17 | GA10: =COUNTIFS($I$7:$I$106,"Fixed",$AY$7:$AY$106,$FY10) -> 13 | GB10: =COUNTIFS($I$7:$I$106,"Tracker",$AY$7:$AY$106,$FY10) -> 4
A11: =A10+1 -> 5 | B11: 56862 | C11: MMA Bolthouse | D11: 2009 | E11: 2008 | F11: IPP Non-CHP | G11: c-Si | H11: MMA | I11: Tracker | J11: 15 | K11: CA | L11: 34.56 | M11: -117.69 | N11: =10300*185/1000000 -> 1.9055 | O11: 1.5 | P11: =365.25*(8.4*0.75+9*0.25) -> 3122.8875 | Q11: Daggett | R11: 19.8 | S11: =R11+11.448+2.715*IF($I11="Tracker",P11*0.95,P11)/365.25 -> 53.300588 | T11: =IF(S11>=50,"H",IF(S11>=40,"M","C")) -> H | U11: 2138 | V11: 489 | W11: 0.696 | X11: =V11/U11 -> 0.22871843 | Y11: =MAX(0,IF($I11="Tracker",P11*0.95,P11)*(N11/O11)*0.0000994+0.3284*X11-0.358) -> 0.091725149 | Z11: =EXP(-12.9*Y11) -> 0.30628035 | AA11: =N11*P11*INDEX($C$3:$D$4,MATCH(I11,$C$3:$C$4,0),2)*CH11 -> 4308.1183 | AB11: 2526 | AC11: 2586.87 | AD11: 4298.58 | AE11: 4231 | AF11: 4053 | AG11: 4089 | AH11: 2259 | AI11: 3778 | AJ11: 3270 | AK11: 1886 | AL11: 3325 | AM11: 2779 | AN11: 1548 | AO11: 857 | AP11: 93 | AQ11: 67 | AY11: 16 | AZ11: =SUM(AB11:AX11)/AY11/N11/P11 -> 0.43741403 | BA11: =A11 -> 5 | BB11: =IF(ISNUMBER(AB11),MIN(1.15,AB11/($AA11*(1-$K$3)^(BB$6-1))),"") -> 0.58633487 | BC11: =IF(ISNUMBER(AC11),MIN(1.15,AC11/($AA11*(1-$K$3)^(BC$6-1))),"") -> 0.60348142 | BD11: =IF(ISNUMBER(AD11),MIN(1.15,AD11/($AA11*(1-$K$3)^(BD$6-1))),"") -> 1.0078392 | BE11: =IF(ISNUMBER(AE11),MIN(1.15,AE11/($AA11*(1-$K$3)^(BE$6-1))),"") -> 0.99697935 | BF11: =IF(ISNUMBER(AF11),MIN(1.15,AF11/($AA11*(1-$K$3)^(BF$6-1))),"") -> 0.95983517 | BG11: =IF(ISNUMBER(AG11),MIN(1.15,AG11/($AA11*(1-$K$3)^(BG$6-1))),"") -> 0.97322686 | BH11: =IF(ISNUMBER(AH11),MIN(1.15,AH11/($AA11*(1-$K$3)^(BH$6-1))),"") -> 0.54036863 | BI11: =IF(ISNUMBER(AI11),MIN(1.15,AI11/($AA11*(1-$K$3)^(BI$6-1))),"") -> 0.90826539 | ... BQ11: =IF(ISNUMBER(AQ11),MIN(1.15,AQ11/($AA11*(1-$K$3)^(BQ$6-1))),"") -> 0.016766444 | BY11: =A11 -> 5 | BZ11: =$AA11*IF($K$3=0,$AY11,((1-$K$3)^$AY11-1)/-$K$3) -> 66404.367 | CA11: =SUM(AB11:AX11) -> 41646.45 | CB11: =CA11/BZ11 -> 0.62716432 | CC11: =ROUND(RANK(CB11,$CB$7:$CB$106,0),0) -> 93 | CD11: =I11 -> Tracker | CE11: =CF11/(CG11+CF11*AY11/2) -> -0.079050241 | CF11: {=LINEST(AB11:AQ11,AB$6:AQ$6,TRUE,FALSE)} -> -214.22749 | CG11: 4423.8367 | CH11: =1+IF(G11="CdSCdTe",-0.0025,-0.004)*(S11-$S$4) -> 0.95259596 | CI11: PA | CJ11: =COUNTIF($K$7:$K$106,$CI11) -> 6 | CK11: =AVERAGEIF($K$7:$K$106,$CI11,$CB$7:$CB$106) -> 0.83363143 | CL11: =AVERAGEIF($K$7:$K$106,$CI11,$CE$7:$CE$106) -> -0.022020272 | CY11: Industrial Non-CHP | CZ11: =AVERAGEIF($F$7:$F$106,$CY11,$CB$7:$CB$106) -> 0.90204819 | DA11: =AVERAGEIF($F$7:$F$106,$CY11,$CE$7:$CE$106) -> -0.014343824 | DB11: =COUNTIF($F$7:$F$106,$CY11) -> 2 | DC11: =N11/O11 -> 1.2703333 | DD11: =D11-E11 -> 1 | DE11: =AY11+DD11 -> 17 | DJ11: MMA | DK11: =COUNTIF($H$7:$H$106,$DJ11) -> 6 | DL11: =SUMIF($H$7:$H$106,$DJ11,$N$7:$N$106) -> 12.8785 | DM11: =AVERAGEIF($H$7:$H$106,$DJ11,$CB$7:$CB$106) -> 0.77372153 | DN11: =AVERAGEIF($H$7:$H$106,$DJ11,$CE$7:$CE$106) -> -0.041147449 | DP11: Unknown | DQ11: =COUNTIF($G$7:$G$106,$DP11) -> 0 | DT11: =SUM(AB11:AH11) -> 24043.45 | DU11: =IF(BB11>0,AB11/BB11,$AA11) -> 4308.1183 | DV11: =IF(BC11>0,AC11/BC11,$AA11) -> 4286.5777 | DW11: =IF(BD11>0,AD11/BD11,$AA11) -> 4265.1448 | DX11: =IF(BE11>0,AE11/BE11,$AA11) -> 4243.8191 | DY11: =IF(BF11>0,AF11/BF11,$AA11) -> 4222.6 | DZ11: =IF(BG11>0,AG11/BG11,$AA11) -> 4201.487 | EA11: =IF(BH11>0,AH11/BH11,$AA11) -> 4180.4796 | EB11: =DT11/SUM(DU11:EA11) -> 0.8093196 | ED11: =IF($T11="H",CB11," ") -> 0.62716432 | EE11: =IF($T11="H",$CE11," ") -> -0.079050241 | EF11: =IF($T11="C",CB11," ") | EG11: =IF($T11="C",CE11," ") | EI11: =IF($T11="H",$EB11," ") -> 0.8093196 | EJ11: =IF($T11="C",$EB11," ") | EL11: {=LINEST($AB11:$AH11,$AB$6:$AH$6,TRUE,FALSE)} -> 69.917143 | EM11: 3155.11 | EN11: =EL11/(EL11*($AB$6+$AH$6)*0.5+EM11) -> 0.020355648 | EO11: {=LINEST($AH11:$AQ11,$AH$6:$AQ$6,TRUE,FALSE)} -> -358.47273 | EP11: 6108.6364 | EQ11: =EO11/(EO11*(AY11/2+7/2)+EP11) -> -0.18048169 | ES11: =($EM11+$EL11*ES$6-AB11)^2 -> 488638.95 | ET11: =($EM11+$EL11*ET$6-AC11)^2 -> 501369.19 | EU11: =($EM11+$EL11*EU$6-AD11)^2 -> 871830.37 | EV11: =($EM11+$EL11*EV$6-AE11)^2 -> 633968.56 | EW11: =($EM11+$EL11*EW$6-AF11)^2 -> 300637.59 | EX11: =($EM11+$EL11*EX$6-AG11)^2 -> 264594.13 | EY11: =($EM11+$EL11*EY$6-AH11)^2 -> 1919693.4 | EZ11: =($EP11+$EO11*EZ$6-AI11)^2 -> 288525.24 | FA11: =($EP11+$EO11*FA$6-AJ11)^2 -> 150247.85 | FB11: =($EP11+$EO11*FB$6-AK11)^2 -> 406928.01 | FC11: =($EP11+$EO11*FC$6-AL11)^2 -> 1344587.8 | FD11: =($EP11+$EO11*FD$6-AM11)^2 -> 944854.69 | FE11: =($EP11+$EO11*FE$6-AN11)^2 -> 9902.0592 | FF11: =($EP11+$EO11*FF$6-AO11)^2 -> 54297.473 | FG11: =($EP11+$EO11*FG$6-AP11)^2 -> 407740.3 | FH11: =($EP11+$EO11*FH$6-AQ11)^2 -> 93680.514 | FQ11: =SQRT(AVERAGE(ES11:FH11))/AVERAGE(AB11:AQ11) -> 0.28299535 | FR11: 0.028 | FS11: =FR11/FQ11 -> 0.098941557 | FV11: =SQRT(AVERAGE(ES11:EY11))/AVERAGE(AB11:AH11) -> 0.2455833 | FW11: =FR11/FV11 -> 0.11401427 | FY11: =FY10+1 -> 16 | FZ11: =COUNTIF($AY$7:$AY$106,FY11) -> 20 | GA11: =COUNTIFS($I$7:$I$106,"Fixed",$AY$7:$AY$106,$FY11) -> 10 | GB11: =COUNTIFS($I$7:$I$106,"Tracker",$AY$7:$AY$106,$FY11) -> 10
A12: =A11+1 -> 6 | B12: 56944 | C12: Copper Mtn10 (FS) | D12: 2009 | E12: 2008 | F12: IPP Non-CHP | G12: CdSCdTe | H12: First Solar | I12: Fixed | J12: 25 | K12: NV | L12: 35.79 | M12: -114.99 | N12: 12.4 | O12: 10 | P12: =365.25*6.4 -> 2337.6 | Q12: Las Vegas | R12: 19.5 | S12: =R12+11.448+2.715*IF($I12="Tracker",P12*0.95,P12)/365.25 -> 48.324 | T12: =IF(S12>=50,"H",IF(S12>=40,"M","C")) -> M | U12: 2078 | V12: 550 | W12: 0.684 | X12: =V12/U12 -> 0.26467757 | Y12: =MAX(0,IF($I12="Tracker",P12*0.95,P12)*(N12/O12)*0.0000994+0.3284*X12-0.358) -> 0.017043341 | Z12: =EXP(-12.9*Y12) -> 0.80263188 | AA12: =N12*P12*INDEX($C$3:$D$4,MATCH(I12,$C$3:$C$4,0),2)*CH12 -> 22790.465 | AB12: 21661 | AC12: 21146 | AD12: 21546 | AE12: 21245 | AF12: 20375 | AG12: 19869 | AH12: 19885 | AI12: 19061 | AJ12: 19321 | AK12: 19595 | AL12: 22562 | AM12: 21953 | AN12: 18686 | AO12: 18948 | AP12: 19201 | AQ12: 17988 | AY12: 16 | AZ12: =SUM(AB12:AX12)/AY12/N12/P12 -> 0.6965417 | BA12: =A12 -> 6 | BB12: =IF(ISNUMBER(AB12),MIN(1.15,AB12/($AA12*(1-$K$3)^(BB$6-1))),"") -> 0.95044135 | BC12: =IF(ISNUMBER(AC12),MIN(1.15,AC12/($AA12*(1-$K$3)^(BC$6-1))),"") -> 0.93250671 | BD12: =IF(ISNUMBER(AD12),MIN(1.15,AD12/($AA12*(1-$K$3)^(BD$6-1))),"") -> 0.95492071 | BE12: =IF(ISNUMBER(AE12),MIN(1.15,AE12/($AA12*(1-$K$3)^(BE$6-1))),"") -> 0.94631192 | BF12: =IF(ISNUMBER(AF12),MIN(1.15,AF12/($AA12*(1-$K$3)^(BF$6-1))),"") -> 0.91212028 | BG12: =IF(ISNUMBER(AG12),MIN(1.15,AG12/($AA12*(1-$K$3)^(BG$6-1))),"") -> 0.89393805 | BH12: =IF(ISNUMBER(AH12),MIN(1.15,AH12/($AA12*(1-$K$3)^(BH$6-1))),"") -> 0.89915369 | BI12: =IF(ISNUMBER(AI12),MIN(1.15,AI12/($AA12*(1-$K$3)^(BI$6-1))),"") -> 0.86622544 | ... BQ12: =IF(ISNUMBER(AQ12),MIN(1.15,AQ12/($AA12*(1-$K$3)^(BQ$6-1))),"") -> 0.85090972 | BY12: =A12 -> 6 | BZ12: =$AA12*IF($K$3=0,$AY12,((1-$K$3)^$AY12-1)/-$K$3) -> 351287.1 | CA12: =SUM(AB12:AX12) -> 323042 | CB12: =CA12/BZ12 -> 0.9195954 | CC12: =ROUND(RANK(CB12,$CB$7:$CB$106,0),0) -> 32 | CD12: =I12 -> Fixed | CE12: =CF12/(CG12+CF12*AY12/2) -> -0.0078419372 | CF12: {=LINEST(AB12:AQ12,AB$6:AQ$6,TRUE,FALSE)} -> -158.95294 | CG12: 21541.225 | CH12: =1+IF(G12="CdSCdTe",-0.0025,-0.004)*(S12-$S$4) -> 0.98281395 | CI12: AZ | CJ12: =COUNTIF($K$7:$K$106,$CI12) -> 6 | CK12: =AVERAGEIF($K$7:$K$106,$CI12,$CB$7:$CB$106) -> 0.73107182 | CL12: =AVERAGEIF($K$7:$K$106,$CI12,$CE$7:$CE$106) -> -0.050734559 | CN12: =CN9 -> 0.47 | CO12: Cold | CP12: =CP9 -> 47 | CY12: IPP Non-CHP | CZ12: =AVERAGEIF($F$7:$F$106,$CY12,$CB$7:$CB$106) -> 0.84860718 | DA12: =AVERAGEIF($F$7:$F$106,$CY12,$CE$7:$CE$106) -> -0.027449549 | DB12: =COUNTIF($F$7:$F$106,$CY12) -> 63 | DC12: =N12/O12 -> 1.24 | DD12: =D12-E12 -> 1 | DE12: =AY12+DD12 -> 17 | DJ12: NextEra | DK12: =COUNTIF($H$7:$H$106,$DJ12) -> 0 | DL12: =SUMIF($H$7:$H$106,$DJ12,$N$7:$N$106) -> 0 | DQ12: =SUM(DQ7:DQ11) -> 100 | DT12: =SUM(AB12:AH12) -> 145727 | DU12: =IF(BB12>0,AB12/BB12,$AA12) -> 22790.465 | DV12: =IF(BC12>0,AC12/BC12,$AA12) -> 22676.512 | DW12: =IF(BD12>0,AD12/BD12,$AA12) -> 22563.13 | DX12: =IF(BE12>0,AE12/BE12,$AA12) -> 22450.314 | DY12: =IF(BF12>0,AF12/BF12,$AA12) -> 22338.063 | DZ12: =IF(BG12>0,AG12/BG12,$AA12) -> 22226.372 | EA12: =IF(BH12>0,AH12/BH12,$AA12) -> 22115.24 | EB12: =DT12/SUM(DU12:EA12) -> 0.92725191 | ED12: =IF($T12="H",CB12," ") | EE12: =IF($T12="H",$CE12," ") | EF12: =IF($T12="C",CB12," ") | EG12: =IF($T12="C",CE12," ") | EI12: =IF($T12="H",$EB12," ") | EJ12: =IF($T12="C",$EB12," ") | EL12: {=LINEST($AB12:$AH12,$AB$6:$AH$6,TRUE,FALSE)} -> -323.32143 | EM12: 22111.429 | EN12: =EL12/(EL12*($AB$6+$AH$6)*0.5+EM12) -> -0.015530753 | EO12: {=LINEST($AH12:$AQ12,$AH$6:$AQ$6,TRUE,FALSE)} -> -129.05455 | EP12: 21204.127 | EQ12: =EO12/(EO12*(AY12/2+7/2)+EP12) -> -0.0065443481 | ES12: =($EM12+$EL12*ES$6-AB12)^2 -> 16156.226 | ET12: =($EM12+$EL12*ET$6-AC12)^2 -> 101624.33 | EU12: =($EM12+$EL12*EU$6-AD12)^2 -> 163649.14 | EV12: =($EM12+$EL12*EV$6-AE12)^2 -> 182207.02 | EW12: =($EM12+$EL12*EW$6-AF12)^2 -> 14357.175 | EX12: =($EM12+$EL12*EX$6-AG12)^2 -> 91506.25 | EY12: =($EM12+$EL12*EY$6-AH12)^2 -> 1355.8176 | EZ12: =($EP12+$EO12*EZ$6-AI12)^2 -> 1233634.3 | FA12: =($EP12+$EO12*FA$6-AJ12)^2 -> 520759.04 | FB12: =($EP12+$EO12*FB$6-AK12)^2 -> 101494.37 | FC12: =($EP12+$EO12*FC$6-AL12)^2 -> 7714354.8 | FD12: =($EP12+$EO12*FD$6-AM12)^2 -> 5278631.6 | FE12: =($EP12+$EO12*FE$6-AN12)^2 -> 706302.72 | FF12: =($EP12+$EO12*FF$6-AO12)^2 -> 201927.68 | FG12: =($EP12+$EO12*FG$6-AP12)^2 -> 4530.5137 | FH12: =($EP12+$EO12*FH$6-AQ12)^2 -> 1325387 | FQ12: =SQRT(AVERAGE(ES12:FH12))/AVERAGE(AB12:AQ12) -> 0.052031968 | FR12: 0.03 | FS12: =FR12/FQ12 -> 0.57656862 | FV12: =SQRT(AVERAGE(ES12:EY12))/AVERAGE(AB12:AH12) -> 0.013717415 | FW12: =FR12/FV12 -> 2.187001 | FY12: =FY11+1 -> 17 | FZ12: =COUNTIF($AY$7:$AY$106,FY12) -> 3 | GA12: =COUNTIFS($I$7:$I$106,"Fixed",$AY$7:$AY$106,$FY12) -> 1 | GB12: =COUNTIFS($I$7:$I$106,"Tracker",$AY$7:$AY$106,$FY12) -> 2
A13: =A12+1 -> 7 | B13: 56813 | C13: CSU Fresno MMA | D13: 2008 | E13: 2007 | F13: IPP Non-CHP | G13: c-Si | H13: MMA | I13: Fixed | J13: 2 | K13: CA | L13: 36.80984 | M13: -119.74167 | N13: 1.173 | O13: 1 | P13: =365.25*5.2*1.02 -> 1937.286 | Q13: Fresno | R13: 17.4 | S13: =R13+11.448+2.715*IF($I13="Tracker",P13*0.95,P13)/365.25 -> 43.24836 | T13: =IF(S13>=50,"H",IF(S13>=40,"M","C")) -> M | U13: 1910 | V13: 578 | W13: 0.634 | X13: =V13/U13 -> 0.3026178 | Y13: =MAX(0,IF($I13="Tracker",P13*0.95,P13)*(N13/O13)*0.0000994+0.3284*X13-0.358) -> 0 | Z13: =EXP(-12.9*Y13) -> 1 | AA13: 1547 | AB13: 1442 | AC13: 1655 | AD13: 1123 | AE13: 981 | AF13: 1556 | AG13: 1564 | AH13: 1453 | AI13: 1466 | AJ13: 1445 | AK13: 1452 | AL13: 1294 | AM13: 1485 | AN13: 1149 | AO13: 1059 | AP13: 592 | AQ13: 1094 | AR13: 1438 | AY13: 17 | AZ13: =SUM(AB13:AX13)/AY13/N13/P13 -> 0.57590428 | BA13: =A13 -> 7 | BB13: =IF(ISNUMBER(AB13),MIN(1.15,AB13/($AA13*(1-$K$3)^(BB$6-1))),"") -> 0.9321267 | BC13: =IF(ISNUMBER(AC13),MIN(1.15,AC13/($AA13*(1-$K$3)^(BC$6-1))),"") -> 1.0751885 | BD13: =IF(ISNUMBER(AD13),MIN(1.15,AD13/($AA13*(1-$K$3)^(BD$6-1))),"") -> 0.73323516 | BE13: =IF(ISNUMBER(AE13),MIN(1.15,AE13/($AA13*(1-$K$3)^(BE$6-1))),"") -> 0.64373845 | BF13: =IF(ISNUMBER(AF13),MIN(1.15,AF13/($AA13*(1-$K$3)^(BF$6-1))),"") -> 1.0261881 | BG13: =IF(ISNUMBER(AG13),MIN(1.15,AG13/($AA13*(1-$K$3)^(BG$6-1))),"") -> 1.0366473 | BH13: =IF(ISNUMBER(AH13),MIN(1.15,AH13/($AA13*(1-$K$3)^(BH$6-1))),"") -> 0.9679141 | BI13: =IF(ISNUMBER(AI13),MIN(1.15,AI13/($AA13*(1-$K$3)^(BI$6-1))),"") -> 0.98148144 | ... BR13: =IF(ISNUMBER(AR13),MIN(1.15,AR13/($AA13*(1-$K$3)^(BR$6-1))),"") -> 1.0071619 | BY13: =A13 -> 7 | BZ13: =$AA13*IF($K$3=0,$AY13,((1-$K$3)^$AY13-1)/-$K$3) -> 25272.885 | CA13: =SUM(AB13:AX13) -> 22248 | CB13: =CA13/BZ13 -> 0.88031106 | CC13: =ROUND(RANK(CB13,$CB$7:$CB$106,0),0) -> 47 | CD13: =I13 -> Fixed | CE13: =CF13/(CG13+CF13*AY13/2) -> -0.016626178 | CF13: {=LINEST(AB13:AR13,AB$6:AR$6,TRUE,FALSE)} -> -21.941176 | CG13: 1506.1765 | CH13: =1+IF(G13="CdSCdTe",-0.0025,-0.004)*(S13-$S$4) -> 0.99280487 | CI13: FL | CJ13: =COUNTIF($K$7:$K$106,$CI13) -> 4 | CK13: =AVERAGEIF($K$7:$K$106,$CI13,$CB$7:$CB$106) -> 0.92455235 | CL13: =AVERAGEIF($K$7:$K$106,$CI13,$CE$7:$CE$106) -> -0.038031077 | CN13: =CN8 -> 0.41 | CO13: Medium | CP13: =CP8 -> 41 | CY13: All | CZ13: =AVERAGE($CB$7:$CB$106) -> 0.83956393 | DA13: =AVERAGE($CE$7:$CE$106) -> -0.031107464 | DB13: =SUM(DB9:DB12) -> 100 | DC13: =N13/O13 -> 1.173 | DD13: =D13-E13 -> 1 | DE13: =AY13+DD13 -> 18 | DJ13: NRG | DK13: =COUNTIF($H$7:$H$106,$DJ13) -> 1 | DL13: =SUMIF($H$7:$H$106,$DJ13,$N$7:$N$106) -> 26.4 | DM13: =AVERAGEIF($H$7:$H$106,$DJ13,$CB$7:$CB$106) -> 0.94175919 | DN13: =AVERAGEIF($H$7:$H$106,$DJ13,$CE$7:$CE$106) -> -0.015750661 | DT13: =SUM(AB13:AH13) -> 9774 | DU13: =IF(BB13>0,AB13/BB13,$AA13) -> 1547 | DV13: =IF(BC13>0,AC13/BC13,$AA13) -> 1539.265 | DW13: =IF(BD13>0,AD13/BD13,$AA13) -> 1531.5687 | DX13: =IF(BE13>0,AE13/BE13,$AA13) -> 1523.9108 | DY13: =IF(BF13>0,AF13/BF13,$AA13) -> 1516.2913 | DZ13: =IF(BG13>0,AG13/BG13,$AA13) -> 1508.7098 | EA13: =IF(BH13>0,AH13/BH13,$AA13) -> 1501.1663 | EB13: =DT13/SUM(DU13:EA13) -> 0.91620554 | ED13: =IF($T13="H",CB13," ") | EE13: =IF($T13="H",$CE13," ") | EF13: =IF($T13="C",CB13," ") | EG13: =IF($T13="C",CE13," ") | EI13: =IF($T13="H",$EB13," ") | EJ13: =IF($T13="C",$EB13," ") | EL13: {=LINEST($AB13:$AH13,$AB$6:$AH$6,TRUE,FALSE)} -> 10.142857 | EM13: 1355.7143 | EN13: =EL13/(EL13*($AB$6+$AH$6)*0.5+EM13) -> 0.0072641702 | EO13: {=LINEST($AH13:$AR13,$AH$6:$AR$6,TRUE,FALSE)} -> -45.936364 | EP13: 1817.3273 | EQ13: =EO13/(EO13*(AY13/2+7/2)+EP13) -> -0.036282042 | ES13: =($EM13+$EL13*ES$6-AB13)^2 -> 5797.7347 | ET13: =($EM13+$EL13*ET$6-AC13)^2 -> 77841 | EU13: =($EM13+$EL13*EU$6-AD13)^2 -> 69244.163 | EV13: =($EM13+$EL13*EV$6-AE13)^2 -> 172462.22 | EW13: =($EM13+$EL13*EW$6-AF13)^2 -> 22371.612 | EX13: =($EM13+$EL13*EX$6-AG13)^2 -> 21735.184 | EY13: =($EM13+$EL13*EY$6-AH13)^2 -> 690.93878 | EZ13: =($EP13+$EO13*EZ$6-AI13)^2 -> 261.26314 | FA13: =($EP13+$EO13*FA$6-AJ13)^2 -> 1689.21 | FB13: =($EP13+$EO13*FB$6-AK13)^2 -> 8842.8377 | FC13: =($EP13+$EO13*FC$6-AL13)^2 -> 324.98256 | FD13: =($EP13+$EO13*FD$6-AM13)^2 -> 47921.19 | FE13: =($EP13+$EO13*FE$6-AN13)^2 -> 5062.9693 | FF13: =($EP13+$EO13*FF$6-AO13)^2 -> 13275.229 | FG13: =($EP13+$EO13*FG$6-AP13)^2 -> 287598.19 | ... FI13: =($EP13+$EO13*FI$6-AR13)^2 -> 161275.26 | FQ13: =SQRT(AVERAGE(ES13:FI13))/AVERAGE(AB13:AR13) -> 0.17547524 | FR13: 0.03 | FS13: =FR13/FQ13 -> 0.17096429 | FV13: =SQRT(AVERAGE(ES13:EY13))/AVERAGE(AB13:AH13) -> 0.16468778 | FW13: =FR13/FV13 -> 0.18216288 | FY13: =FY12+1 -> 18 | FZ13: =COUNTIF($AY$7:$AY$106,FY13) -> 0 | GA13: =COUNTIFS($I$7:$I$106,"Fixed",$AY$7:$AY$106,$FY13) -> 0 | GB13: =COUNTIFS($I$7:$I$106,"Tracker",$AY$7:$AY$106,$FY13) -> 0
A14: =A13+1 -> 8 | B14: 10823 | C14: Deer Island | D14: 2011 | E14: 2008 | F14: Commercial CHP | G14: c-Si | H14: Unknown | I14: Fixed | J14: 15 | K14: MA | L14: 42.353 | M14: -70.963 | N14: 0.736 | O14: 0.666 | P14: =365.25*4.2 -> 1534.05 | Q14: Boston | R14: 10.7 | S14: =R14+11.448+2.715*IF($I14="Tracker",P14*0.95,P14)/365.25 -> 33.551 | T14: =IF(S14>=50,"H",IF(S14>=40,"M","C")) -> C | U14: 1432 | V14: 652 | W14: 0.509 | X14: =V14/U14 -> 0.45530726 | Y14: =MAX(0,IF($I14="Tracker",P14*0.95,P14)*(N14/O14)*0.0000994+0.3284*X14-0.358) -> 0 | Z14: =EXP(-12.9*Y14) -> 1 | AA14: =N14*P14*INDEX($C$3:$D$4,MATCH(I14,$C$3:$C$4,0),2)*CH14 -> 931.78616 | AB14: 646 | AC14: 879 | AD14: 881 | AE14: 0 | AF14: 835 | AG14: 872 | AH14: 826 | AI14: 799 | AJ14: 808 | AK14: 1123 | AL14: 760 | AM14: 794 | AN14: 628 | AO14: 625 | AP14: 621 | AY14: 15 | AZ14: =SUM(AB14:AX14)/AY14/N14/P14 -> 0.65523486 | BA14: =A14 -> 8 | BB14: =IF(ISNUMBER(AB14),MIN(1.15,AB14/($AA14*(1-$K$3)^(BB$6-1))),"") -> 0.69329212 | BC14: =IF(ISNUMBER(AC14),MIN(1.15,AC14/($AA14*(1-$K$3)^(BC$6-1))),"") -> 0.94808994 | BD14: =IF(ISNUMBER(AD14),MIN(1.15,AD14/($AA14*(1-$K$3)^(BD$6-1))),"") -> 0.95502225 | BE14: =IF(ISNUMBER(AE14),MIN(1.15,AE14/($AA14*(1-$K$3)^(BE$6-1))),"") -> 0 | BF14: =IF(ISNUMBER(AF14),MIN(1.15,AF14/($AA14*(1-$K$3)^(BF$6-1))),"") -> 0.91427722 | BG14: =IF(ISNUMBER(AG14),MIN(1.15,AG14/($AA14*(1-$K$3)^(BG$6-1))),"") -> 0.95958804 | BH14: =IF(ISNUMBER(AH14),MIN(1.15,AH14/($AA14*(1-$K$3)^(BH$6-1))),"") -> 0.91353525 | BI14: =IF(ISNUMBER(AI14),MIN(1.15,AI14/($AA14*(1-$K$3)^(BI$6-1))),"") -> 0.8881145 | ... BP14: =IF(ISNUMBER(AP14),MIN(1.15,AP14/($AA14*(1-$K$3)^(BP$6-1))),"") -> 0.71491139 | BY14: =A14 -> 8 | BZ14: =$AA14*IF($K$3=0,$AY14,((1-$K$3)^$AY14-1)/-$K$3) -> 13498.046 | CA14: =SUM(AB14:AX14) -> 11097 | CB14: =CA14/BZ14 -> 0.82211897 | CC14: =ROUND(RANK(CB14,$CB$7:$CB$106,0),0) -> 62 | CD14: =I14 -> Fixed | CE14: =CF14/(CG14+CF14*AY14/2) -> 0.0022763685 | CF14: {=LINEST(AB14:AP14,AB$6:AP$6,TRUE,FALSE)} -> 1.6821429 | CG14: 726.34286 | CH14: =1+IF(G14="CdSCdTe",-0.0025,-0.004)*(S14-$S$4) -> 1.0315943 | CI14: NM | CJ14: =COUNTIF($K$7:$K$106,$CI14) -> 4 | CK14: =AVERAGEIF($K$7:$K$106,$CI14,$CB$7:$CB$106) -> 0.95757876 | CL14: =AVERAGEIF($K$7:$K$106,$CI14,$CE$7:$CE$106) -> 0.0019565546 | CN14: =CN7 -> 0.12 | CO14: Hot | CP14: =CP7 -> 12 | DC14: =N14/O14 -> 1.1051051 | DD14: =D14-E14 -> 3 | DE14: =AY14+DD14 -> 18 | DJ14: Other utility | DK14: =COUNTIF($H$7:$H$106,$DJ14) -> 4 | DL14: =SUMIF($H$7:$H$106,$DJ14,$N$7:$N$106) -> 7.3576 | DM14: =AVERAGEIF($H$7:$H$106,$DJ14,$CB$7:$CB$106) -> 0.6694923 | DN14: =AVERAGEIF($H$7:$H$106,$DJ14,$CE$7:$CE$106) -> -0.049645173 | DT14: =SUM(AB14:AH14) -> 4939 | DU14: =IF(BB14>0,AB14/BB14,$AA14) -> 931.78616 | DV14: =IF(BC14>0,AC14/BC14,$AA14) -> 927.12723 | DW14: =IF(BD14>0,AD14/BD14,$AA14) -> 922.49159 | DX14: =IF(BE14>0,AE14/BE14,$AA14) -> 931.78616 | DY14: =IF(BF14>0,AF14/BF14,$AA14) -> 913.28974 | DZ14: =IF(BG14>0,AG14/BG14,$AA14) -> 908.72329 | EA14: =IF(BH14>0,AH14/BH14,$AA14) -> 904.17967 | EB14: =DT14/SUM(DU14:EA14) -> 0.76699885 | ED14: =IF($T14="H",CB14," ") | EE14: =IF($T14="H",$CE14," ") | EF14: =IF($T14="C",CB14," ") -> 0.82211897 | EG14: =IF($T14="C",CE14," ") -> 0.0022763685 | EI14: =IF($T14="H",$EB14," ") | EJ14: =IF($T14="C",$EB14," ") -> 0.76699885 | EL14: {=LINEST($AB14:$AH14,$AB$6:$AH$6,TRUE,FALSE)} -> 17.142857 | EM14: 637 | EN14: =EL14/(EL14*($AB$6+$AH$6)*0.5+EM14) -> 0.024296416 | EO14: {=LINEST($AH14:$AP14,$AH$6:$AP$6,TRUE,FALSE)} -> -33.85 | EP14: 1148.35 | EQ14: =EO14/(EO14*(AY14/2+7/2)+EP14) -> -0.043621134 | ES14: =($EM14+$EL14*ES$6-AB14)^2 -> 66.306122 | ET14: =($EM14+$EL14*ET$6-AC14)^2 -> 43145.224 | EU14: =($EM14+$EL14*EU$6-AD14)^2 -> 37083.755 | EV14: =($EM14+$EL14*EV$6-AE14)^2 -> 497831.04 | EW14: =($EM14+$EL14*EW$6-AF14)^2 -> 12608.082 | EX14: =($EM14+$EL14*EX$6-AG14)^2 -> 17461.735 | EY14: =($EM14+$EL14*EY$6-AH14)^2 -> 4761 | EZ14: =($EP14+$EO14*EZ$6-AI14)^2 -> 6170.1025 | FA14: =($EP14+$EO14*FA$6-AJ14)^2 -> 1274.49 | FB14: =($EP14+$EO14*FB$6-AK14)^2 -> 98062.923 | FC14: =($EP14+$EO14*FC$6-AL14)^2 -> 256 | FD14: =($EP14+$EO14*FD$6-AM14)^2 -> 2688.4225 | FE14: =($EP14+$EO14*FE$6-AN14)^2 -> 6448.09 | FF14: =($EP14+$EO14*FF$6-AO14)^2 -> 2445.3025 | FG14: =($EP14+$EO14*FG$6-AP14)^2 -> 384.16 | FQ14: =SQRT(AVERAGE(ES14:FG14))/AVERAGE(AB14:AP14) -> 0.29833597 | FR14: 0.029 | FS14: =FR14/FQ14 -> 0.097205843 | FV14: =SQRT(AVERAGE(ES14:EY14))/AVERAGE(AB14:AH14) -> 0.41939674 | FW14: =FR14/FV14 -> 0.069146937 | FY14: =FY13+1 -> 19 | FZ14: =COUNTIF($AY$7:$AY$106,FY14) -> 0 | GA14: =COUNTIFS($I$7:$I$106,"Fixed",$AY$7:$AY$106,$FY14) -> 0 | GB14: =COUNTIFS($I$7:$I$106,"Tracker",$AY$7:$AY$106,$FY14) -> 0
A15: =A14+1 -> 9 | B15: 56815 | C15: Denver airport MMA | D15: 2009 | E15: 2008 | F15: IPP Non-CHP | G15: c-Si | H15: MMA | I15: Tracker | J15: 0 | K15: CO | L15: 39.90298 | M15: -104.65925 | N15: 2 | O15: 1.9 | P15: =365.25*6.4 -> 2337.6 | Q15: Boulder | R15: 10.2 | S15: =R15+11.448+2.715*IF($I15="Tracker",P15*0.95,P15)/365.25 -> 38.1552 | T15: =IF(S15>=50,"H",IF(S15>=40,"M","C")) -> C | U15: 1689 | V15: 562 | W15: 0.583 | X15: =V15/U15 -> 0.33274127 | Y15: =MAX(0,IF($I15="Tracker",P15*0.95,P15)*(N15/O15)*0.0000994+0.3284*X15-0.358) -> 0 | Z15: =EXP(-12.9*Y15) -> 1 | AA15: =N15*P15*INDEX($C$3:$D$4,MATCH(I15,$C$3:$C$4,0),2)*CH15 -> 3599.9737 | AB15: 3255 | AC15: 3449 | AD15: 3287 | AE15: 3468 | AF15: 1469 | AG15: 2687 | AH15: 3027 | AI15: 3205 | AJ15: 2812 | AK15: 2539 | AL15: 2092 | AM15: 2284 | AN15: 1463 | AO15: 275 | AP15: 1595 | AQ15: 1541 | AY15: 16 | AZ15: =SUM(AB15:AX15)/AY15/N15/P15 -> 0.51398871 | BA15: =A15 -> 9 | BB15: =IF(ISNUMBER(AB15),MIN(1.15,AB15/($AA15*(1-$K$3)^(BB$6-1))),"") -> 0.90417327 | BC15: =IF(ISNUMBER(AC15),MIN(1.15,AC15/($AA15*(1-$K$3)^(BC$6-1))),"") -> 0.96287694 | BD15: =IF(ISNUMBER(AD15),MIN(1.15,AD15/($AA15*(1-$K$3)^(BD$6-1))),"") -> 0.92226179 | BE15: =IF(ISNUMBER(AE15),MIN(1.15,AE15/($AA15*(1-$K$3)^(BE$6-1))),"") -> 0.97793619 | BF15: =IF(ISNUMBER(AF15),MIN(1.15,AF15/($AA15*(1-$K$3)^(BF$6-1))),"") -> 0.41632275 | BG15: =IF(ISNUMBER(AG15),MIN(1.15,AG15/($AA15*(1-$K$3)^(BG$6-1))),"") -> 0.7653374 | BH15: =IF(ISNUMBER(AH15),MIN(1.15,AH15/($AA15*(1-$K$3)^(BH$6-1))),"") -> 0.86651205 | BI15: =IF(ISNUMBER(AI15),MIN(1.15,AI15/($AA15*(1-$K$3)^(BI$6-1))),"") -> 0.9220769 | ... BQ15: =IF(ISNUMBER(AQ15),MIN(1.15,AQ15/($AA15*(1-$K$3)^(BQ$6-1))),"") -> 0.46148448 | BY15: =A15 -> 9 | BZ15: =$AA15*IF($K$3=0,$AY15,((1-$K$3)^$AY15-1)/-$K$3) -> 55489.185 | CA15: =SUM(AB15:AX15) -> 38448 | CB15: =CA15/BZ15 -> 0.69289177 | CC15: =ROUND(RANK(CB15,$CB$7:$CB$106,0),0) -> 88 | CD15: =I15 -> Tracker | CE15: =CF15/(CG15+CF15*AY15/2) -> -0.059447847 | CF15: {=LINEST(AB15:AQ15,AB$6:AQ$6,TRUE,FALSE)} -> -147.22941 | CG15: 3654.45 | CH15: =1+IF(G15="CdSCdTe",-0.0025,-0.004)*(S15-$S$4) -> 1.0131775 | CI15: NV | CJ15: =COUNTIF($K$7:$K$106,$CI15) -> 4 | CK15: =AVERAGEIF($K$7:$K$106,$CI15,$CB$7:$CB$106) -> 0.88599696 | CL15: =AVERAGEIF($K$7:$K$106,$CI15,$CE$7:$CE$106) -> -0.017593185 | DC15: =N15/O15 -> 1.0526316 | DD15: =D15-E15 -> 1 | DE15: =AY15+DD15 -> 17 | DJ15: PG&E | DK15: =COUNTIF($H$7:$H$106,$DJ15) -> 4 | DL15: =SUMIF($H$7:$H$106,$DJ15,$N$7:$N$106) -> 63.3 | DM15: =AVERAGEIF($H$7:$H$106,$DJ15,$CB$7:$CB$106) -> 0.90141609 | DN15: =AVERAGEIF($H$7:$H$106,$DJ15,$CE$7:$CE$106) -> -0.042601682 | DT15: =SUM(AB15:AH15) -> 20642 | DU15: =IF(BB15>0,AB15/BB15,$AA15) -> 3599.9737 | DV15: =IF(BC15>0,AC15/BC15,$AA15) -> 3581.9738 | DW15: =IF(BD15>0,AD15/BD15,$AA15) -> 3564.064 | DX15: =IF(BE15>0,AE15/BE15,$AA15) -> 3546.2436 | DY15: =IF(BF15>0,AF15/BF15,$AA15) -> 3528.5124 | DZ15: =IF(BG15>0,AG15/BG15,$AA15) -> 3510.8699 | EA15: =IF(BH15>0,AH15/BH15,$AA15) -> 3493.3155 | EB15: =DT15/SUM(DU15:EA15) -> 0.83150208 | ED15: =IF($T15="H",CB15," ") | EE15: =IF($T15="H",$CE15," ") | EF15: =IF($T15="C",CB15," ") -> 0.69289177 | EG15: =IF($T15="C",CE15," ") -> -0.059447847 | EI15: =IF($T15="H",$EB15," ") | EJ15: =IF($T15="C",$EB15," ") -> 0.83150208 | EL15: {=LINEST($AB15:$AH15,$AB$6:$AH$6,TRUE,FALSE)} -> -143.78571 | EM15: 3524 | EN15: =EL15/(EL15*($AB$6+$AH$6)*0.5+EM15) -> -0.04875981 | EO15: {=LINEST($AH15:$AQ15,$AH$6:$AQ$6,TRUE,FALSE)} -> -244.63636 | EP15: 4896.6182 | EQ15: =EO15/(EO15*(AY15/2+7/2)+EP15) -> -0.11742733 | ES15: =($EM15+$EL15*ES$6-AB15)^2 -> 15678.617 | ET15: =($EM15+$EL15*ET$6-AC15)^2 -> 45186.612 | EU15: =($EM15+$EL15*EU$6-AD15)^2 -> 37774.699 | EV15: =($EM15+$EL15*EV$6-AE15)^2 -> 269509.31 | EW15: =($EM15+$EL15*EW$6-AF15)^2 -> 1785086.9 | EX15: =($EM15+$EL15*EX$6-AG15)^2 -> 661.22449 | EY15: =($EM15+$EL15*EY$6-AH15)^2 -> 259590.25 | EZ15: =($EP15+$EO15*EZ$6-AI15)^2 -> 70475.769 | FA15: =($EP15+$EO15*FA$6-AJ15)^2 -> 13714.539 | FB15: =($EP15+$EO15*FB$6-AK15)^2 -> 7875.7557 | FC15: =($EP15+$EO15*FC$6-AL15)^2 -> 12909.091 | FD15: =($EP15+$EO15*FD$6-AM15)^2 -> 104340.75 | FE15: =($EP15+$EO15*FE$6-AN15)^2 -> 64183.919 | FF15: =($EP15+$EO15*FF$6-AO15)^2 -> 1432112.6 | FG15: =($EP15+$EO15*FG$6-AP15)^2 -> 135370.48 | ... FI15: =($EP15+$EO15*FI$6-AR15)^2 -> 544348.84 | FQ15: =SQRT(AVERAGE(ES15:FI15))/AVERAGE(AB15:AR15) -> 0.22817431 | FR15: 0.051 | FS15: =FR15/FQ15 -> 0.22351333 | FV15: =SQRT(AVERAGE(ES15:EY15))/AVERAGE(AB15:AH15) -> 0.19912224 | FW15: =FR15/FV15 -> 0.25612407 | FY15: =FY14+1 -> 20 | FZ15: =COUNTIF($AY$7:$AY$106,FY15) -> 0 | GA15: =COUNTIFS($I$7:$I$106,"Fixed",$AY$7:$AY$106,$FY15) -> 0 | GB15: =COUNTIFS($I$7:$I$106,"Tracker",$AY$7:$AY$106,$FY15) -> 0
A16: =A15+1 -> 10 | B16: 56667 | C16: Lanai Sunpower | D16: 2009 | E16: 2008 | F16: IPP Non-CHP | G16: Si_IBC | H16: SunPower | I16: Tracker | J16: 0 | K16: HI | L16: 20.766 | M16: -156.9 | N16: =7392*0.2/1000 -> 1.4784 | O16: 1.2 | P16: =365.25*7.5 -> 2739.375 | Q16: Kahului | R16: 24.2 | S16: =R16+11.448+2.715*IF($I16="Tracker",P16*0.95,P16)/365.25 -> 54.992375 | T16: =IF(S16>=50,"H",IF(S16>=40,"M","C")) -> H | U16: 2004.4 | V16: 579 | W16: 0.581 | X16: =V16/U16 -> 0.2888645 | Y16: =MAX(0,IF($I16="Tracker",P16*0.95,P16)*(N16/O16)*0.0000994+0.3284*X16-0.358) -> 0.055555852 | Z16: =EXP(-12.9*Y16) -> 0.4883756 | AA16: =N16*P16*INDEX($C$3:$D$4,MATCH(I16,$C$3:$C$4,0),2)*CH16 -> 2911.1834 | AB16: 1390 | AC16: 1770 | AD16: 1826 | AE16: 2350 | AF16: 1752 | AG16: 1767 | AH16: 2017 | AI16: 2345 | AJ16: 2051 | AK16: 1342 | AL16: 1466 | AM16: 869 | AN16: 0 | AO16: 145 | AP16: 0 | AQ16: 0 | AY16: 16 | AZ16: =SUM(AB16:AX16)/AY16/N16/P16 -> 0.32547164 | BA16: =A16 -> 10 | BB16: =IF(ISNUMBER(AB16),MIN(1.15,AB16/($AA16*(1-$K$3)^(BB$6-1))),"") -> 0.47746905 | BC16: =IF(ISNUMBER(AC16),MIN(1.15,AC16/($AA16*(1-$K$3)^(BC$6-1))),"") -> 0.61105544 | BD16: =IF(ISNUMBER(AD16),MIN(1.15,AD16/($AA16*(1-$K$3)^(BD$6-1))),"") -> 0.63355604 | BE16: =IF(ISNUMBER(AE16),MIN(1.15,AE16/($AA16*(1-$K$3)^(BE$6-1))),"") -> 0.81946243 | BF16: =IF(ISNUMBER(AF16),MIN(1.15,AF16/($AA16*(1-$K$3)^(BF$6-1))),"") -> 0.61400542 | BG16: =IF(ISNUMBER(AG16),MIN(1.15,AG16/($AA16*(1-$K$3)^(BG$6-1))),"") -> 0.62237419 | BH16: =IF(ISNUMBER(AH16),MIN(1.15,AH16/($AA16*(1-$K$3)^(BH$6-1))),"") -> 0.71399939 | BI16: =IF(ISNUMBER(AI16),MIN(1.15,AI16/($AA16*(1-$K$3)^(BI$6-1))),"") -> 0.83427976 | ... BQ16: =IF(ISNUMBER(AQ16),MIN(1.15,AQ16/($AA16*(1-$K$3)^(BQ$6-1))),"") -> 0 | BY16: =A16 -> 10 | BZ16: =$AA16*IF($K$3=0,$AY16,((1-$K$3)^$AY16-1)/-$K$3) -> 44872.327 | CA16: =SUM(AB16:AX16) -> 21090 | CB16: =CA16/BZ16 -> 0.47000014 | CC16: =ROUND(RANK(CB16,$CB$7:$CB$106,0),0) -> 97 | CD16: =I16 -> Tracker | CE16: =CF16/(CG16+CF16*AY16/2) -> -0.099149805 | CF16: {=LINEST(AB16:AQ16,AB$6:AQ$6,TRUE,FALSE)} -> -137.50882 | CG16: 2486.95 | CH16: =1+IF(G16="CdSCdTe",-0.0025,-0.004)*(S16-$S$4) -> 0.94582881 | CI16: MA | CJ16: =COUNTIF($K$7:$K$106,$CI16) -> 3 | CK16: =AVERAGEIF($K$7:$K$106,$CI16,$CB$7:$CB$106) -> 0.85009982 | CL16: =AVERAGEIF($K$7:$K$106,$CI16,$CE$7:$CE$106) -> -0.0020601757 | DC16: =N16/O16 -> 1.232 | DD16: =D16-E16 -> 1 | DE16: =AY16+DD16 -> 17 | DJ16: SunEdison | DK16: =COUNTIF($H$7:$H$106,$DJ16) -> 14 | DL16: =SUMIF($H$7:$H$106,$DJ16,$N$7:$N$106) -> 35.2 | DM16: =AVERAGEIF($H$7:$H$106,$DJ16,$CB$7:$CB$106) -> 0.80158598 | DN16: =AVERAGEIF($H$7:$H$106,$DJ16,$CE$7:$CE$106) -> -0.038193501 | DT16: =SUM(AB16:AH16) -> 12872 | DU16: =IF(BB16>0,AB16/BB16,$AA16) -> 2911.1834 | DV16: =IF(BC16>0,AC16/BC16,$AA16) -> 2896.6275 | DW16: =IF(BD16>0,AD16/BD16,$AA16) -> 2882.1444 | DX16: =IF(BE16>0,AE16/BE16,$AA16) -> 2867.7337 | DY16: =IF(BF16>0,AF16/BF16,$AA16) -> 2853.395 | DZ16: =IF(BG16>0,AG16/BG16,$AA16) -> 2839.128 | EA16: =IF(BH16>0,AH16/BH16,$AA16) -> 2824.9324 | EB16: =DT16/SUM(DU16:EA16) -> 0.6411909 | ED16: =IF($T16="H",CB16," ") -> 0.47000014 | EE16: =IF($T16="H",$CE16," ") -> -0.099149805 | EF16: =IF($T16="C",CB16," ") | EG16: =IF($T16="C",CE16," ") | EI16: =IF($T16="H",$EB16," ") -> 0.6411909 | EJ16: =IF($T16="C",$EB16," ") | EL16: {=LINEST($AB16:$AH16,$AB$6:$AH$6,TRUE,FALSE)} -> 64.321429 | EM16: 1581.5714 | EN16: =EL16/(EL16*($AB$6+$AH$6)*0.5+EM16) -> 0.034979024 | EO16: {=LINEST($AH16:$AQ16,$AH$6:$AQ$6,TRUE,FALSE)} -> -295.27879 | EP16: 4419.2061 | EQ16: =EO16/(EO16*(AY16/2+7/2)+EP16) -> -0.28849906 | ES16: =($EM16+$EL16*ES$6-AB16)^2 -> 65481.154 | ET16: =($EM16+$EL16*ET$6-AC16)^2 -> 3574.3316 | EU16: =($EM16+$EL16*EU$6-AD16)^2 -> 2648.5727 | EV16: =($EM16+$EL16*EV$6-AE16)^2 -> 261267.02 | EW16: =($EM16+$EL16*EW$6-AF16)^2 -> 22854.96 | EX16: =($EM16+$EL16*EX$6-AG16)^2 -> 40200.25 | EY16: =($EM16+$EL16*EY$6-AH16)^2 -> 219.67474 | EZ16: =($EP16+$EO16*EZ$6-AI16)^2 -> 82957.964 | FA16: =($EP16+$EO16*FA$6-AJ16)^2 -> 83696.243 | FB16: =($EP16+$EO16*FB$6-AK16)^2 -> 15479.884 | FC16: =($EP16+$EO16*FC$6-AL16)^2 -> 86942.777 | FD16: =($EP16+$EO16*FD$6-AM16)^2 -> 47.067916 | FE16: =($EP16+$EO16*FE$6-AN16)^2 -> 337075.25 | FF16: =($EP16+$EO16*FF$6-AO16)^2 -> 19684.94 | FG16: =($EP16+$EO16*FG$6-AP16)^2 -> 99.515739 | ... FI16: =($EP16+$EO16*FI$6-AR16)^2 -> 360640.28 | FQ16: =SQRT(AVERAGE(ES16:FI16))/AVERAGE(AB16:AR16) -> 0.22354734 | FR16: 0.05 | FS16: =FR16/FQ16 -> 0.22366627 | FV16: =SQRT(AVERAGE(ES16:EY16))/AVERAGE(AB16:AH16) -> 0.12938544 | FW16: =FR16/FV16 -> 0.38644224 | FY16: =FY15+1 -> 21 | FZ16: =COUNTIF($AY$7:$AY$106,FY16) -> 0 | GA16: =COUNTIFS($I$7:$I$106,"Fixed",$AY$7:$AY$106,$FY16) -> 0 | GB16: =COUNTIFS($I$7:$I$106,"Tracker",$AY$7:$AY$106,$FY16) -> 0
A17: =A16+1 -> 11 | B17: 56993 | C17: MF Mesa Ln | D17: 2009 | E17: 2009 | F17: IPP Non-CHP | G17: c-Si | H17: Unknown | I17: Fixed | J17: 30 | K17: PA | L17: 40.15 | M17: -74.78 | N17: 3.1 | O17: 3 | P17: =365.25*4.5 -> 1643.625 | Q17: Philadelphia | R17: 12.4 | S17: =R17+11.448+2.715*IF($I17="Tracker",P17*0.95,P17)/365.25 -> 36.0655 | T17: =IF(S17>=50,"H",IF(S17>=40,"M","C")) -> C | U17: 1455 | V17: 671.5 | W17: 0.501 | X17: =V17/U17 -> 0.46151203 | Y17: =MAX(0,IF($I17="Tracker",P17*0.95,P17)*(N17/O17)*0.0000994+0.3284*X17-0.358) -> 0 | Z17: =EXP(-12.9*Y17) -> 1 | AA17: =N17*P17*INDEX($C$3:$D$4,MATCH(I17,$C$3:$C$4,0),2)*CH17 -> 4163.9761 | AB17: 3562 | AC17: 4053 | AD17: 3867 | AE17: 3991 | AF17: 3900 | AG17: 3699 | AH17: 3878 | AI17: 4021 | AJ17: 3598 | AK17: 3223 | AL17: 3729 | AM17: 3527 | AN17: 3568 | AO17: 3458 | AP17: 3079 | AQ17: 3402 | AY17: 16 | AZ17: =SUM(AB17:AX17)/AY17/N17/P17 -> 0.71825651 | BA17: =A17 -> 11 | BB17: =IF(ISNUMBER(AB17),MIN(1.15,AB17/($AA17*(1-$K$3)^(BB$6-1))),"") -> 0.85543238 | BC17: =IF(ISNUMBER(AC17),MIN(1.15,AC17/($AA17*(1-$K$3)^(BC$6-1))),"") -> 0.97823972 | BD17: =IF(ISNUMBER(AD17),MIN(1.15,AD17/($AA17*(1-$K$3)^(BD$6-1))),"") -> 0.9380366 | BE17: =IF(ISNUMBER(AE17),MIN(1.15,AE17/($AA17*(1-$K$3)^(BE$6-1))),"") -> 0.97298077 | BF17: =IF(ISNUMBER(AF17),MIN(1.15,AF17/($AA17*(1-$K$3)^(BF$6-1))),"") -> 0.95557341 | BG17: =IF(ISNUMBER(AG17),MIN(1.15,AG17/($AA17*(1-$K$3)^(BG$6-1))),"") -> 0.91087902 | BH17: =IF(ISNUMBER(AH17),MIN(1.15,AH17/($AA17*(1-$K$3)^(BH$6-1))),"") -> 0.95975657 | BI17: =IF(ISNUMBER(AI17),MIN(1.15,AI17/($AA17*(1-$K$3)^(BI$6-1))),"") -> 1.000148 | ... BQ17: =IF(ISNUMBER(AQ17),MIN(1.15,AQ17/($AA17*(1-$K$3)^(BQ$6-1))),"") -> 0.8808052 | BY17: =A17 -> 11 | BZ17: =$AA17*IF($K$3=0,$AY17,((1-$K$3)^$AY17-1)/-$K$3) -> 64182.592 | CA17: =SUM(AB17:AX17) -> 58555 | CB17: =CA17/BZ17 -> 0.91231904 | CC17: =ROUND(RANK(CB17,$CB$7:$CB$106,0),0) -> 34 | CD17: =I17 -> Fixed | CE17: =CF17/(CG17+CF17*AY17/2) -> -0.011274641 | CF17: {=LINEST(AB17:AQ17,AB$6:AQ$6,TRUE,FALSE)} -> -41.495588 | CG17: 4012.4 | CH17: =1+IF(G17="CdSCdTe",-0.0025,-0.004)*(S17-$S$4) -> 1.0215363 | CI17: HI | CJ17: =COUNTIF($K$7:$K$106,$CI17) -> 2 | CK17: =AVERAGEIF($K$7:$K$106,$CI17,$CB$7:$CB$106) -> 0.75757659 | CL17: =AVERAGEIF($K$7:$K$106,$CI17,$CE$7:$CE$106) -> -0.056396597 | DC17: =N17/O17 -> 1.0333333 | DD17: =D17-E17 -> 0 | DE17: =AY17+DD17 -> 16 | DJ17: SunPower | DK17: =COUNTIF($H$7:$H$106,$DJ17) -> 4 | DL17: =SUMIF($H$7:$H$106,$DJ17,$N$7:$N$106) -> 26.7784 | DM17: =AVERAGEIF($H$7:$H$106,$DJ17,$CB$7:$CB$106) -> 0.77111216 | DN17: =AVERAGEIF($H$7:$H$106,$DJ17,$CE$7:$CE$106) -> -0.058589217 | DT17: =SUM(AB17:AH17) -> 26950 | DU17: =IF(BB17>0,AB17/BB17,$AA17) -> 4163.9761 | DV17: =IF(BC17>0,AC17/BC17,$AA17) -> 4143.1562 | DW17: =IF(BD17>0,AD17/BD17,$AA17) -> 4122.4404 | DX17: =IF(BE17>0,AE17/BE17,$AA17) -> 4101.8282 | DY17: =IF(BF17>0,AF17/BF17,$AA17) -> 4081.3191 | DZ17: =IF(BG17>0,AG17/BG17,$AA17) -> 4060.9125 | EA17: =IF(BH17>0,AH17/BH17,$AA17) -> 4040.6079 | EB17: =DT17/SUM(DU17:EA17) -> 0.93855869 | ED17: =IF($T17="H",CB17," ") | EE17: =IF($T17="H",$CE17," ") | EF17: =IF($T17="C",CB17," ") -> 0.91231904 | EG17: =IF($T17="C",CE17," ") -> -0.011274641 | EI17: =IF($T17="H",$EB17," ") | EJ17: =IF($T17="C",$EB17," ") -> 0.93855869 | EL17: {=LINEST($AB17:$AH17,$AB$6:$AH$6,TRUE,FALSE)} -> 9.75 | EM17: 3811 | EN17: =EL17/(EL17*($AB$6+$AH$6)*0.5+EM17) -> 0.0025324675 | EO17: {=LINEST($AH17:$AQ17,$AH$6:$AQ$6,TRUE,FALSE)} -> -65.121212 | EP17: 4297.1939 | EQ17: =EO17/(EO17*(AY17/2+7/2)+EP17) -> -0.018352792 | ES17: =($EM17+$EL17*ES$6-AB17)^2 -> 66951.562 | ET17: =($EM17+$EL17*ET$6-AC17)^2 -> 49506.25 | EU17: =($EM17+$EL17*EU$6-AD17)^2 -> 715.5625 | EV17: =($EM17+$EL17*EV$6-AE17)^2 -> 19881 | EW17: =($EM17+$EL17*EW$6-AF17)^2 -> 1620.0625 | EX17: =($EM17+$EL17*EX$6-AG17)^2 -> 29070.25 | EY17: =($EM17+$EL17*EY$6-AH17)^2 -> 1.5625 | EZ17: =($EP17+$EO17*EZ$6-AI17)^2 -> 59915.171 | FA17: =($EP17+$EO17*FA$6-AJ17)^2 -> 12792.295 | FB17: =($EP17+$EO17*FB$6-AK17)^2 -> 178913.62 | FC17: =($EP17+$EO17*FC$6-AL17)^2 -> 21945.28 | FD17: =($EP17+$EO17*FD$6-AM17)^2 -> 126.80125 | FE17: =($EP17+$EO17*FE$6-AN17)^2 -> 13778.491 | FF17: =($EP17+$EO17*FF$6-AO17)^2 -> 5256.6894 | FG17: =($EP17+$EO17*FG$6-AP17)^2 -> 58262.256 | ... FI17: =($EP17+$EO17*FI$6-AR17)^2 -> 10176951 | FQ17: =SQRT(AVERAGE(ES17:FI17))/AVERAGE(AB17:AR17) -> 0.21695649 | FR17: 0.033 | FS17: =FR17/FQ17 -> 0.15210423 | FV17: =SQRT(AVERAGE(ES17:EY17))/AVERAGE(AB17:AH17) -> 0.040208388 | FW17: =FR17/FV17 -> 0.82072428 | FY17: =FY16+1 -> 22 | FZ17: =COUNTIF($AY$7:$AY$106,FY17) -> 0 | GA17: =COUNTIFS($I$7:$I$106,"Fixed",$AY$7:$AY$106,$FY17) -> 0 | GB17: =COUNTIFS($I$7:$I$106,"Tracker",$AY$7:$AY$106,$FY17) -> 0
A18: =A17+1 -> 12 | B18: 56883 | C18: Pennsauken | D18: 2008 | E18: 2008 | F18: IPP Non-CHP | G18: c-Si | H18: Unknown | I18: Fixed | J18: 25 | K18: NJ | L18: 39.9894 | M18: -75.04 | N18: 2.4 | O18: 1.5 | P18: =365.25*4.5 -> 1643.625 | Q18: Philadelphia | R18: 12.4 | S18: =R18+11.448+2.715*IF($I18="Tracker",P18*0.95,P18)/365.25 -> 36.0655 | T18: =IF(S18>=50,"H",IF(S18>=40,"M","C")) -> C | U18: 1455 | V18: 671.5 | W18: 0.501 | X18: =V18/U18 -> 0.46151203 | Y18: =MAX(0,IF($I18="Tracker",P18*0.95,P18)*(N18/O18)*0.0000994+0.3284*X18-0.358) -> 0.05496267 | Z18: =EXP(-12.9*Y18) -> 0.49212701 | AA18: =N18*P18*INDEX($C$3:$D$4,MATCH(I18,$C$3:$C$4,0),2)*CH18 -> 3223.7234 | AB18: 2660 | AC18: 3018 | AD18: 2592 | AE18: 2454 | AF18: 2490 | AG18: 2523 | AH18: 2402 | AI18: 2352 | AJ18: 2308 | AK18: 2369 | AL18: 2041 | AM18: 2292 | AN18: 2188 | AO18: 2086 | AP18: 2156 | AQ18: 1851 | AY18: 16 | AZ18: =SUM(AB18:AX18)/AY18/N18/P18 -> 0.59861967 | BA18: =A18 -> 12 | BB18: =IF(ISNUMBER(AB18),MIN(1.15,AB18/($AA18*(1-$K$3)^(BB$6-1))),"") -> 0.82513282 | BC18: =IF(ISNUMBER(AC18),MIN(1.15,AC18/($AA18*(1-$K$3)^(BC$6-1))),"") -> 0.94088897 | BD18: =IF(ISNUMBER(AD18),MIN(1.15,AD18/($AA18*(1-$K$3)^(BD$6-1))),"") -> 0.8121403 | BE18: =IF(ISNUMBER(AE18),MIN(1.15,AE18/($AA18*(1-$K$3)^(BE$6-1))),"") -> 0.77276517 | BF18: =IF(ISNUMBER(AF18),MIN(1.15,AF18/($AA18*(1-$K$3)^(BF$6-1))),"") -> 0.78804179 | BG18: =IF(ISNUMBER(AG18),MIN(1.15,AG18/($AA18*(1-$K$3)^(BG$6-1))),"") -> 0.80249821 | BH18: =IF(ISNUMBER(AH18),MIN(1.15,AH18/($AA18*(1-$K$3)^(BH$6-1))),"") -> 0.76785063 | BI18: =IF(ISNUMBER(AI18),MIN(1.15,AI18/($AA18*(1-$K$3)^(BI$6-1))),"") -> 0.75564528 | ... BQ18: =IF(ISNUMBER(AQ18),MIN(1.15,AQ18/($AA18*(1-$K$3)^(BQ$6-1))),"") -> 0.61901679 | BY18: =A18 -> 12 | BZ18: =$AA18*IF($K$3=0,$AY18,((1-$K$3)^$AY18-1)/-$K$3) -> 49689.748 | CA18: =SUM(AB18:AX18) -> 37782 | CB18: =CA18/BZ18 -> 0.76035805 | CC18: =ROUND(RANK(CB18,$CB$7:$CB$106,0),0) -> 76 | CD18: =I18 -> Fixed | CE18: =CF18/(CG18+CF18*AY18/2) -> -0.021708129 | CF18: {=LINEST(AB18:AQ18,AB$6:AQ$6,TRUE,FALSE)} -> -51.823529 | CG18: 2801.875 | CH18: =1+IF(G18="CdSCdTe",-0.0025,-0.004)*(S18-$S$4) -> 1.0215363 | CI18: TX | CJ18: =COUNTIF($K$7:$K$106,$CI18) -> 2 | CK18: =AVERAGEIF($K$7:$K$106,$CI18,$CB$7:$CB$106) -> 0.92779018 | CL18: =AVERAGEIF($K$7:$K$106,$CI18,$CE$7:$CE$106) -> -0.012720021 | DC18: =N18/O18 -> 1.6 | DD18: =D18-E18 -> 0 | DE18: =AY18+DD18 -> 16 | DJ18: Unknown | DK18: =COUNTIF($H$7:$H$106,$DJ18) -> 51 | DL18: =SUMIF($H$7:$H$106,$DJ18,$N$7:$N$106) -> 255.77 | DM18: =AVERAGEIF($H$7:$H$106,$DJ18,$CB$7:$CB$106) -> 0.85179934 | DN18: =AVERAGEIF($H$7:$H$106,$DJ18,$CE$7:$CE$106) -> -0.026662245 | DT18: =SUM(AB18:AH18) -> 18139 | DU18: =IF(BB18>0,AB18/BB18,$AA18) -> 3223.7234 | DV18: =IF(BC18>0,AC18/BC18,$AA18) -> 3207.6048 | DW18: =IF(BD18>0,AD18/BD18,$AA18) -> 3191.5668 | DX18: =IF(BE18>0,AE18/BE18,$AA18) -> 3175.609 | DY18: =IF(BF18>0,AF18/BF18,$AA18) -> 3159.7309 | DZ18: =IF(BG18>0,AG18/BG18,$AA18) -> 3143.9323 | EA18: =IF(BH18>0,AH18/BH18,$AA18) -> 3128.2126 | EB18: =DT18/SUM(DU18:EA18) -> 0.81595547 | ED18: =IF($T18="H",CB18," ") | EE18: =IF($T18="H",$CE18," ") | EF18: =IF($T18="C",CB18," ") -> 0.76035805 | EG18: =IF($T18="C",CE18," ") -> -0.021708129 | EI18: =IF($T18="H",$EB18," ") | EJ18: =IF($T18="C",$EB18," ") -> 0.81595547 | EL18: {=LINEST($AB18:$AH18,$AB$6:$AH$6,TRUE,FALSE)} -> -66.642857 | EM18: 2857.8571 | EN18: =EL18/(EL18*($AB$6+$AH$6)*0.5+EM18) -> -0.025718066 | EO18: {=LINEST($AH18:$AQ18,$AH$6:$AQ$6,TRUE,FALSE)} -> -46.866667 | EP18: 2743.4667 | EQ18: =EO18/(EO18*(AY18/2+7/2)+EP18) -> -0.021259545 | ES18: =($EM18+$EL18*ES$6-AB18)^2 -> 17217.189 | ET18: =($EM18+$EL18*ET$6-AC18)^2 -> 86100.327 | EU18: =($EM18+$EL18*EU$6-AD18)^2 -> 4346.5765 | EV18: =($EM18+$EL18*EV$6-AE18)^2 -> 18847.367 | EW18: =($EM18+$EL18*EW$6-AF18)^2 -> 1200.1276 | EX18: =($EM18+$EL18*EX$6-AG18)^2 -> 4225 | EY18: =($EM18+$EL18*EY$6-AH18)^2 -> 113.27041 | EZ18: =($EP18+$EO18*EZ$6-AI18)^2 -> 273.35111 | FA18: =($EP18+$EO18*FA$6-AJ18)^2 -> 186.77778 | FB18: =($EP18+$EO18*FB$6-AK18)^2 -> 8873.64 | FC18: =($EP18+$EO18*FC$6-AL18)^2 -> 34944.071 | FD18: =($EP18+$EO18*FD$6-AM18)^2 -> 12306.204 | FE18: =($EP18+$EO18*FE$6-AN18)^2 -> 2894.44 | FF18: =($EP18+$EO18*FF$6-AO18)^2 -> 1.7777778 | FG18: =($EP18+$EO18*FG$6-AP18)^2 -> 13347.951 | ... FI18: =($EP18+$EO18*FI$6-AR18)^2 -> 3789770.7 | FQ18: =SQRT(AVERAGE(ES18:FI18))/AVERAGE(AB18:AR18) -> 0.20580336 | FR18: 0.033 | FS18: =FR18/FQ18 -> 0.16034724 | FV18: =SQRT(AVERAGE(ES18:EY18))/AVERAGE(AB18:AH18) -> 0.053003512 | FW18: =FR18/FV18 -> 0.62260025 | FY18: =FY17+1 -> 23 | FZ18: =COUNTIF($AY$7:$AY$106,FY18) -> 1 | GA18: =COUNTIFS($I$7:$I$106,"Fixed",$AY$7:$AY$106,$FY18) -> 0 | GB18: =COUNTIFS($I$7:$I$106,"Tracker",$AY$7:$AY$106,$FY18) -> 1
A19: =A18+1 -> 13 | B19: 56915 | C19: SAS Solar Farm | D19: 2009 | E19: 2008 | F19: IPP Non-CHP | G19: c-Si | H19: Unknown | I19: Tracker | J19: 0 | K19: NC | L19: 35.81 | M19: -78.75 | N19: 2.4 | O19: 2 | P19: =365.25*5.7 -> 2081.925 | Q19: Raleigh | R19: 15.2 | S19: =R19+11.448+2.715*IF($I19="Tracker",P19*0.95,P19)/365.25 -> 41.349725 | T19: =IF(S19>=50,"H",IF(S19>=40,"M","C")) -> M | U19: 1626 | V19: 728 | W19: 0.534 | X19: =V19/U19 -> 0.44772448 | Y19: =MAX(0,IF($I19="Tracker",P19*0.95,P19)*(N19/O19)*0.0000994+0.3284*X19-0.358) -> 0.024948132 | Z19: =EXP(-12.9*Y19) -> 0.72482075 | AA19: =N19*P19*INDEX($C$3:$D$4,MATCH(I19,$C$3:$C$4,0),2)*CH19 -> 3798.9479 | AB19: 1539 | AC19: 2435 | AD19: 3579 | AE19: 3500 | AF19: 3134 | AG19: 3375 | AH19: 3250 | AI19: 3290 | AJ19: 3049 | AK19: 2540 | AL19: 1837 | AM19: 1977 | AN19: 1820 | AO19: 1928 | AP19: 1735 | AQ19: 1692 | AY19: 16 | AZ19: =SUM(AB19:AX19)/AY19/N19/P19 -> 0.50884398 | BA19: =A19 -> 13 | BB19: =IF(ISNUMBER(AB19),MIN(1.15,AB19/($AA19*(1-$K$3)^(BB$6-1))),"") -> 0.40511216 | BC19: =IF(ISNUMBER(AC19),MIN(1.15,AC19/($AA19*(1-$K$3)^(BC$6-1))),"") -> 0.64418787 | BD19: =IF(ISNUMBER(AD19),MIN(1.15,AD19/($AA19*(1-$K$3)^(BD$6-1))),"") -> 0.9515951 | BE19: =IF(ISNUMBER(AE19),MIN(1.15,AE19/($AA19*(1-$K$3)^(BE$6-1))),"") -> 0.93526668 | BF19: =IF(ISNUMBER(AF19),MIN(1.15,AF19/($AA19*(1-$K$3)^(BF$6-1))),"") -> 0.84167287 | BG19: =IF(ISNUMBER(AG19),MIN(1.15,AG19/($AA19*(1-$K$3)^(BG$6-1))),"") -> 0.91095103 | BH19: =IF(ISNUMBER(AH19),MIN(1.15,AH19/($AA19*(1-$K$3)^(BH$6-1))),"") -> 0.8816202 | BI19: =IF(ISNUMBER(AI19),MIN(1.15,AI19/($AA19*(1-$K$3)^(BI$6-1))),"") -> 0.89695569 | ... BQ19: =IF(ISNUMBER(AQ19),MIN(1.15,AQ19/($AA19*(1-$K$3)^(BQ$6-1))),"") -> 0.48016534 | BY19: =A19 -> 13 | BZ19: =$AA19*IF($K$3=0,$AY19,((1-$K$3)^$AY19-1)/-$K$3) -> 58556.13 | CA19: =SUM(AB19:AX19) -> 40680 | CB19: =CA19/BZ19 -> 0.69471805 | CC19: =ROUND(RANK(CB19,$CB$7:$CB$106,0),0) -> 87 | CD19: =I19 -> Tracker | CE19: =CF19/(CG19+CF19*AY19/2) -> -0.033131535 | CF19: {=LINEST(AB19:AQ19,AB$6:AQ$6,TRUE,FALSE)} -> -85.655882 | CG19: 3270.575 | CH19: =1+IF(G19="CdSCdTe",-0.0025,-0.004)*(S19-$S$4) -> 1.0003994 | CI19: DE | CJ19: =COUNTIF($K$7:$K$106,$CI19) -> 1 | CK19: =AVERAGEIF($K$7:$K$106,$CI19,$CB$7:$CB$106) -> 1.004958 | CL19: =AVERAGEIF($K$7:$K$106,$CI19,$CE$7:$CE$106) -> -0.022192404 | DC19: =N19/O19 -> 1.2 | DD19: =D19-E19 -> 1 | DE19: =AY19+DD19 -> 17 | DJ19: totals&avgs | DK19: =SUM(DK7:DK18) -> 100 | DL19: =SUM(DL7:DL18) -> 639.94948 | DM19: =AVERAGE($CB$7:$CB$106) -> 0.83956393 | DN19: =AVERAGE($CE$7:$CE$106) -> -0.031107464 | DT19: =SUM(AB19:AH19) -> 20812 | DU19: =IF(BB19>0,AB19/BB19,$AA19) -> 3798.9479 | DV19: =IF(BC19>0,AC19/BC19,$AA19) -> 3779.9532 | DW19: =IF(BD19>0,AD19/BD19,$AA19) -> 3761.0534 | DX19: =IF(BE19>0,AE19/BE19,$AA19) -> 3742.2482 | DY19: =IF(BF19>0,AF19/BF19,$AA19) -> 3723.5369 | DZ19: =IF(BG19>0,AG19/BG19,$AA19) -> 3704.9192 | EA19: =IF(BH19>0,AH19/BH19,$AA19) -> 3686.3946 | EB19: =DT19/SUM(DU19:EA19) -> 0.79444049 | ED19: =IF($T19="H",CB19," ") | EE19: =IF($T19="H",$CE19," ") | EF19: =IF($T19="C",CB19," ") | EG19: =IF($T19="C",CE19," ") | EI19: =IF($T19="H",$EB19," ") | EJ19: =IF($T19="C",$EB19," ") | EL19: {=LINEST($AB19:$AH19,$AB$6:$AH$6,TRUE,FALSE)} -> 234.57143 | EM19: 2034.8571 | EN19: =EL19/(EL19*($AB$6+$AH$6)*0.5+EM19) -> 0.07889679 | EO19: {=LINEST($AH19:$AQ19,$AH$6:$AQ$6,TRUE,FALSE)} -> -197.16364 | EP19: 4579.1818 | EQ19: =EO19/(EO19*(AY19/2+7/2)+EP19) -> -0.085285767 | ES19: =($EM19+$EL19*ES$6-AB19)^2 -> 533525.9 | ET19: =($EM19+$EL19*ET$6-AC19)^2 -> 4761 | EU19: =($EM19+$EL19*EU$6-AD19)^2 -> 706320.18 | EV19: =($EM19+$EL19*EV$6-AE19)^2 -> 277578.45 | EW19: =($EM19+$EL19*EW$6-AF19)^2 -> 5433.7959 | EX19: =($EM19+$EL19*EX$6-AG19)^2 -> 4527.3673 | EY19: =($EM19+$EL19*EY$6-AH19)^2 -> 182207.02 | EZ19: =($EP19+$EO19*EZ$6-AI19)^2 -> 83017.325 | FA19: =($EP19+$EO19*FA$6-AJ19)^2 -> 59678.048 | FB19: =($EP19+$EO19*FB$6-AK19)^2 -> 4562.3884 | FC19: =($EP19+$EO19*FC$6-AL19)^2 -> 328766.71 | FD19: =($EP19+$EO19*FD$6-AM19)^2 -> 55799.029 | FE19: =($EP19+$EO19*FE$6-AN19)^2 -> 38437.385 | FF19: =($EP19+$EO19*FF$6-AO19)^2 -> 11904.794 | FG19: =($EP19+$EO19*FG$6-AP19)^2 -> 12830.711 | ... FI19: =($EP19+$EO19*FI$6-AR19)^2 -> 1506510.8 | FQ19: =SQRT(AVERAGE(ES19:FI19))/AVERAGE(AB19:AR19) -> 0.18808027 | FR19: 0.035 | FS19: =FR19/FQ19 -> 0.18609075 | FV19: =SQRT(AVERAGE(ES19:EY19))/AVERAGE(AB19:AH19) -> 0.16645062 | FW19: =FR19/FV19 -> 0.21027257 | FZ19: =SUM(FZ7:FZ18) -> 100 | GA19: =SUM(GA7:GA18) -> 66 | GB19: =SUM(GB7:GB18) -> 34
A20: =A19+1 -> 14 | B20: 56875 | C20: Sacramento Soleil | D20: 2009 | E20: 2008 | F20: IPP Non-CHP | G20: CdSCdTe | H20: First Solar | I20: Fixed | J20: 45 | K20: CA | L20: 38.4498 | M20: -121.1647 | N20: =17172*72/1000000 -> 1.236384 | O20: 1 | P20: =365.25*5.5*0.99 -> 1988.7862 | Q20: Sacramento | R20: 16 | S20: =R20+11.448+2.715*IF($I20="Tracker",P20*0.95,P20)/365.25 -> 42.231175 | T20: =IF(S20>=50,"H",IF(S20>=40,"M","C")) -> M | U20: 1793 | V20: 572 | W20: 0.608 | X20: =V20/U20 -> 0.3190184 | Y20: =MAX(0,IF($I20="Tracker",P20*0.95,P20)*(N20/O20)*0.0000994+0.3284*X20-0.358) -> 0 | Z20: =EXP(-12.9*Y20) -> 1 | AA20: =N20*P20*INDEX($C$3:$D$4,MATCH(I20,$C$3:$C$4,0),2)*CH20 -> 1963.2791 | AB20: 1686 | AC20: 1744 | AD20: 1780 | AE20: 1709 | AF20: 1778 | AG20: 1692 | AH20: 1730 | AI20: 1683 | AJ20: 1710 | AK20: 1537 | AL20: 1446 | AM20: 1360 | AY20: 12 | AZ20: =SUM(AB20:AX20)/AY20/N20/P20 -> 0.67289478 | BA20: =A20 -> 14 | BB20: =IF(ISNUMBER(AB20),MIN(1.15,AB20/($AA20*(1-$K$3)^(BB$6-1))),"") -> 0.85876737 | BC20: =IF(ISNUMBER(AC20),MIN(1.15,AC20/($AA20*(1-$K$3)^(BC$6-1))),"") -> 0.89277366 | BD20: =IF(ISNUMBER(AD20),MIN(1.15,AD20/($AA20*(1-$K$3)^(BD$6-1))),"") -> 0.91578138 | BE20: =IF(ISNUMBER(AE20),MIN(1.15,AE20/($AA20*(1-$K$3)^(BE$6-1))),"") -> 0.88367137 | BF20: =IF(ISNUMBER(AF20),MIN(1.15,AF20/($AA20*(1-$K$3)^(BF$6-1))),"") -> 0.923969 | BG20: =IF(ISNUMBER(AG20),MIN(1.15,AG20/($AA20*(1-$K$3)^(BG$6-1))),"") -> 0.88369607 | BH20: =IF(ISNUMBER(AH20),MIN(1.15,AH20/($AA20*(1-$K$3)^(BH$6-1))),"") -> 0.90808308 | BI20: =IF(ISNUMBER(AI20),MIN(1.15,AI20/($AA20*(1-$K$3)^(BI$6-1))),"") -> 0.88785188 | ... BM20: =IF(ISNUMBER(AM20),MIN(1.15,AM20/($AA20*(1-$K$3)^(BM$6-1))),"") -> 0.73198636 | BY20: =A20 -> 14 | BZ20: =$AA20*IF($K$3=0,$AY20,((1-$K$3)^$AY20-1)/-$K$3) -> 22922.144 | CA20: =SUM(AB20:AX20) -> 19855 | CB20: =CA20/BZ20 -> 0.86619297 | CC20: =ROUND(RANK(CB20,$CB$7:$CB$106,0),0) -> 51 | CD20: =I20 -> Fixed | CE20: =CF20/(CG20+CF20*AY20/2) -> -0.017202428 | CF20: {=LINEST(AB20:AM20,AB$6:AM$6,TRUE,FALSE)} -> -28.70979 | CG20: 1841.197 | CH20: =1+IF(G20="CdSCdTe",-0.0025,-0.004)*(S20-$S$4) -> 0.99804601 | CI20: IL | CJ20: =COUNTIF($K$7:$K$106,$CI20) -> 1 | CK20: =AVERAGEIF($K$7:$K$106,$CI20,$CB$7:$CB$106) -> 0.97945965 | CL20: =AVERAGEIF($K$7:$K$106,$CI20,$CE$7:$CE$106) -> -0.01023989 | DC20: =N20/O20 -> 1.236384 | DD20: =D20-E20 -> 1 | DE20: =AY20+DD20 -> 13 | DJ20: medians | DM20: =MEDIAN($CB$7:$CB$106) -> 0.86694533 | DN20: =MEDIAN($CE$7:$CE$106) -> -0.023304756 | DT20: =SUM(AB20:AH20) -> 12119 | DU20: =IF(BB20>0,AB20/BB20,$AA20) -> 1963.2791 | DV20: =IF(BC20>0,AC20/BC20,$AA20) -> 1953.4627 | DW20: =IF(BD20>0,AD20/BD20,$AA20) -> 1943.6953 | DX20: =IF(BE20>0,AE20/BE20,$AA20) -> 1933.9769 | DY20: =IF(BF20>0,AF20/BF20,$AA20) -> 1924.307 | DZ20: =IF(BG20>0,AG20/BG20,$AA20) -> 1914.6855 | EA20: =IF(BH20>0,AH20/BH20,$AA20) -> 1905.112 | EB20: =DT20/SUM(DU20:EA20) -> 0.89514965 | ED20: =IF($T20="H",CB20," ") | EE20: =IF($T20="H",$CE20," ") | EF20: =IF($T20="C",CB20," ") | EG20: =IF($T20="C",CE20," ") | EI20: =IF($T20="H",$EB20," ") | EJ20: =IF($T20="C",$EB20," ") | EL20: {=LINEST($AB20:$AH20,$AB$6:$AH$6,TRUE,FALSE)} -> 0.92857143 | EM20: 1727.5714 | EN20: =EL20/(EL20*($AB$6+$AH$6)*0.5+EM20) -> 0.00053634788 | EO20: {=LINEST($AH20:$AM20,$AH$6:$AM$6,TRUE,FALSE)} -> -78.114286 | EP20: 2319.7524 | EQ20: =EO20/(EO20*(AY20/2+7/2)+EP20) -> -0.049512541 | ES20: =($EM20+$EL20*ES$6-AB20)^2 -> 1806.25 | ET20: =($EM20+$EL20*ET$6-AC20)^2 -> 212.32653 | EU20: =($EM20+$EL20*EU$6-AD20)^2 -> 2464.4133 | EV20: =($EM20+$EL20*EV$6-AE20)^2 -> 496.65306 | EW20: =($EM20+$EL20*EW$6-AF20)^2 -> 2096.3316 | EX20: =($EM20+$EL20*EX$6-AG20)^2 -> 1692.7347 | EY20: =($EM20+$EL20*EY$6-AH20)^2 -> 16.576531 | EZ20: =($EP20+$EO20*EZ$6-AI20)^2 -> 140.1405 | FA20: =($EP20+$EO20*FA$6-AJ20)^2 -> 8700.4477 | FB20: =($EP20+$EO20*FB$6-AK20)^2 -> 2.5905669 | FC20: =($EP20+$EO20*FC$6-AL20)^2 -> 210.11193 | FD20: =($EP20+$EO20*FD$6-AM20)^2 -> 500.90703 | FQ20: =SQRT(AVERAGE(ES20:FD20))/AVERAGE(AB20:AM20) -> 0.02362731 | FR20: 0.034 | FS20: =FR20/FQ20 -> 1.4390127 | FV20: =SQRT(AVERAGE(ES20:EY20))/AVERAGE(AB20:AH20) -> 0.02046257 | FW20: =FR20/FV20 -> 1.6615704
A21: =A20+1 -> 15 | B21: 56500 | C21: Western 102 | D21: 2010 | E21: 2010 | F21: Industrial Non-CHP | G21: c-Si | H21: Unknown | I21: Fixed | J21: 21 | K21: NV | L21: 39.5603 | M21: -119.5108 | N21: =7875*200/1000000 -> 1.575 | O21: 1 | P21: =365.25*5.8 -> 2118.45 | Q21: Reno | R21: 10.4 | S21: =R21+11.448+2.715*IF($I21="Tracker",P21*0.95,P21)/365.25 -> 37.595 | T21: =IF(S21>=50,"H",IF(S21>=40,"M","C")) -> C | U21: 1848 | V21: 511 | W21: 0.633 | X21: =V21/U21 -> 0.27651515 | Y21: =MAX(0,IF($I21="Tracker",P21*0.95,P21)*(N21/O21)*0.0000994+0.3284*X21-0.358) -> 0.064461516 | Z21: =EXP(-12.9*Y21) -> 0.43537239 | AA21: =N21*P21*INDEX($C$3:$D$4,MATCH(I21,$C$3:$C$4,0),2)*CH21 -> 2710.4023 | AB21: 1694 | AC21: 1247 | AD21: 2770 | AE21: 2647 | AF21: 2560 | AG21: 2501 | AH21: 2546 | AI21: 2515 | AJ21: 2508 | AK21: 2443 | AL21: 2572 | AM21: 2209 | AN21: 1452 | AO21: 1373 | AP21: 1261 | AQ21: 1337 | AY21: 16 | AZ21: =SUM(AB21:AX21)/AY21/N21/P21 -> 0.6300466 | BA21: =A21 -> 15 | BB21: =IF(ISNUMBER(AB21),MIN(1.15,AB21/($AA21*(1-$K$3)^(BB$6-1))),"") -> 0.62499947 | BC21: =IF(ISNUMBER(AC21),MIN(1.15,AC21/($AA21*(1-$K$3)^(BC$6-1))),"") -> 0.46239126 | BD21: =IF(ISNUMBER(AD21),MIN(1.15,AD21/($AA21*(1-$K$3)^(BD$6-1))),"") -> 1.0322856 | BE21: =IF(ISNUMBER(AE21),MIN(1.15,AE21/($AA21*(1-$K$3)^(BE$6-1))),"") -> 0.99140463 | BF21: =IF(ISNUMBER(AF21),MIN(1.15,AF21/($AA21*(1-$K$3)^(BF$6-1))),"") -> 0.96363793 | BG21: =IF(ISNUMBER(AG21),MIN(1.15,AG21/($AA21*(1-$K$3)^(BG$6-1))),"") -> 0.94615989 | BH21: =IF(ISNUMBER(AH21),MIN(1.15,AH21/($AA21*(1-$K$3)^(BH$6-1))),"") -> 0.96802408 | BI21: =IF(ISNUMBER(AI21),MIN(1.15,AI21/($AA21*(1-$K$3)^(BI$6-1))),"") -> 0.96104267 | ... BQ21: =IF(ISNUMBER(AQ21),MIN(1.15,AQ21/($AA21*(1-$K$3)^(BQ$6-1))),"") -> 0.53180381 | BY21: =A21 -> 15 | BZ21: =$AA21*IF($K$3=0,$AY21,((1-$K$3)^$AY21-1)/-$K$3) -> 41777.532 | CA21: =SUM(AB21:AX21) -> 33635 | CB21: =CA21/BZ21 -> 0.80509783 | CC21: =ROUND(RANK(CB21,$CB$7:$CB$106,0),0) -> 66 | CD21: =I21 -> Fixed | CE21: =CF21/(CG21+CF21*AY21/2) -> -0.023309116 | CF21: {=LINEST(AB21:AQ21,AB$6:AQ$6,TRUE,FALSE)} -> -49.577941 | CG21: 2523.6 | CH21: =1+IF(G21="CdSCdTe",-0.0025,-0.004)*(S21-$S$4) -> 1.0154183 | CI21: MD | CJ21: =COUNTIF($K$7:$K$106,$CI21) -> 1 | CK21: =AVERAGEIF($K$7:$K$106,$CI21,$CB$7:$CB$106) -> 0.82322811 | CL21: =AVERAGEIF($K$7:$K$106,$CI21,$CE$7:$CE$106) -> -0.041487042 | DC21: =N21/O21 -> 1.575 | DD21: =D21-E21 -> 0 | DE21: =AY21+DD21 -> 16 | DT21: =SUM(AB21:AH21) -> 15965 | DU21: =IF(BB21>0,AB21/BB21,$AA21) -> 2710.4023 | DV21: =IF(BC21>0,AC21/BC21,$AA21) -> 2696.8503 | DW21: =IF(BD21>0,AD21/BD21,$AA21) -> 2683.366 | DX21: =IF(BE21>0,AE21/BE21,$AA21) -> 2669.9492 | DY21: =IF(BF21>0,AF21/BF21,$AA21) -> 2656.5994 | DZ21: =IF(BG21>0,AG21/BG21,$AA21) -> 2643.3164 | EA21: =IF(BH21>0,AH21/BH21,$AA21) -> 2630.0999 | EB21: =DT21/SUM(DU21:EA21) -> 0.85417344 | ED21: =IF($T21="H",CB21," ") | EE21: =IF($T21="H",$CE21," ") | EF21: =IF($T21="C",CB21," ") -> 0.80509783 | EG21: =IF($T21="C",CE21," ") -> -0.023309116 | EI21: =IF($T21="H",$EB21," ") | EJ21: =IF($T21="C",$EB21," ") -> 0.85417344 | EL21: {=LINEST($AB21:$AH21,$AB$6:$AH$6,TRUE,FALSE)} -> 173.35714 | EM21: 1587.2857 | EN21: =EL21/(EL21*($AB$6+$AH$6)*0.5+EM21) -> 0.076010022 | EO21: {=LINEST($AH21:$AQ21,$AH$6:$AQ$6,TRUE,FALSE)} -> -173.75758 | EP21: 4019.8121 | EQ21: =EO21/(EO21*(AY21/2+7/2)+EP21) -> -0.085950522 | ES21: =($EM21+$EL21*ES$6-AB21)^2 -> 4441.2704 | ET21: =($EM21+$EL21*ET$6-AC21)^2 -> 471969 | EU21: =($EM21+$EL21*EU$6-AD21)^2 -> 439095.56 | EV21: =($EM21+$EL21*EV$6-AE21)^2 -> 134165.22 | EW21: =($EM21+$EL21*EW$6-AF21)^2 -> 11220.862 | EX21: =($EM21+$EL21*EX$6-AG21)^2 -> 15984.184 | EY21: =($EM21+$EL21*EY$6-AH21)^2 -> 64915.76 | EZ21: =($EP21+$EO21*EZ$6-AI21)^2 -> 13167.91 | FA21: =($EP21+$EO21*FA$6-AJ21)^2 -> 2704.6303 | FB21: =($EP21+$EO21*FB$6-AK21)^2 -> 25844.947 | FC21: =($EP21+$EO21*FC$6-AL21)^2 -> 214851.91 | FD21: =($EP21+$EO21*FD$6-AM21)^2 -> 75228.853 | FE21: =($EP21+$EO21*FE$6-AN21)^2 -> 95458.529 | FF21: =($EP21+$EO21*FF$6-AO21)^2 -> 45884.236 | FG21: =($EP21+$EO21*FG$6-AP21)^2 -> 23240.541 | FH21: =($EP21+$EO21*FH$6-AQ21)^2 -> 9469.0592 | FQ21: =SQRT(AVERAGE(ES21:FH21))/AVERAGE(AB21:AQ21) -> 0.15265114 | FR21: 0.033 | FS21: =FR21/FQ21 -> 0.21617919 | FV21: =SQRT(AVERAGE(ES21:EY21))/AVERAGE(AB21:AH21) -> 0.17708165 | FW21: =FR21/FV21 -> 0.18635471
A22: =A21+1 -> 16 | B22: 56322 | C22: Wild Horse | D22: 2011 | E22: 2011 | F22: Electric Utility | G22: c-Si | H22: Unknown | I22: Fixed | J22: 37 | K22: WA | L22: 47.036 | M22: -120.206 | N22: 0.5 | O22: 0.5 | P22: =365.25*4.8 -> 1753.2 | Q22: Yakima | R22: 9.9 | S22: =R22+11.448+2.715*IF($I22="Tracker",P22*0.95,P22)/365.25 -> 34.38 | T22: =IF(S22>=50,"H",IF(S22>=40,"M","C")) -> C | U22: 1501.5 | V22: 554 | W22: 0.567 | X22: =V22/U22 -> 0.36896437 | Y22: =MAX(0,IF($I22="Tracker",P22*0.95,P22)*(N22/O22)*0.0000994+0.3284*X22-0.358) -> 0 | Z22: =EXP(-12.9*Y22) -> 1 | AA22: =N22*P22*INDEX($C$3:$D$4,MATCH(I22,$C$3:$C$4,0),2)*CH22 -> 721.11101 | AB22: 840 | AC22: 794 | AD22: 762 | AE22: 729 | AF22: 790 | AG22: 727 | AH22: 481 | AI22: 488 | AJ22: 389 | AK22: 95 | AL22: 484 | AM22: 556 | AN22: 637 | AO22: 666 | AP22: 676 | AY22: 15 | AZ22: =SUM(AB22:AX22)/AY22/N22/P22 -> 0.69313256 | BA22: =A22 -> 16 | BB22: =IF(ISNUMBER(AB22),MIN(1.15,AB22/($AA22*(1-$K$3)^(BB$6-1))),"") -> 1.15 | BC22: =IF(ISNUMBER(AC22),MIN(1.15,AC22/($AA22*(1-$K$3)^(BC$6-1))),"") -> 1.1066118 | BD22: =IF(ISNUMBER(AD22),MIN(1.15,AD22/($AA22*(1-$K$3)^(BD$6-1))),"") -> 1.0673496 | BE22: =IF(ISNUMBER(AE22),MIN(1.15,AE22/($AA22*(1-$K$3)^(BE$6-1))),"") -> 1.0262571 | BF22: =IF(ISNUMBER(AF22),MIN(1.15,AF22/($AA22*(1-$K$3)^(BF$6-1))),"") -> 1.117719 | BG22: =IF(ISNUMBER(AG22),MIN(1.15,AG22/($AA22*(1-$K$3)^(BG$6-1))),"") -> 1.0337532 | BH22: =IF(ISNUMBER(AH22),MIN(1.15,AH22/($AA22*(1-$K$3)^(BH$6-1))),"") -> 0.68739198 | BI22: =IF(ISNUMBER(AI22),MIN(1.15,AI22/($AA22*(1-$K$3)^(BI$6-1))),"") -> 0.70090011 | ... BP22: =IF(ISNUMBER(AP22),MIN(1.15,AP22/($AA22*(1-$K$3)^(BP$6-1))),"") -> 1.0055911 | BY22: =A22 -> 16 | BZ22: =$AA22*IF($K$3=0,$AY22,((1-$K$3)^$AY22-1)/-$K$3) -> 10446.163 | CA22: =SUM(AB22:AX22) -> 9114 | CB22: =CA22/BZ22 -> 0.87247347 | CC22: =ROUND(RANK(CB22,$CB$7:$CB$106,0),0) -> 48 | CD22: =I22 -> Fixed | CE22: =CF22/(CG22+CF22*AY22/2) -> -0.031854189 | CF22: {=LINEST(AB22:AP22,AB$6:AP$6,TRUE,FALSE)} -> -19.667857 | CG22: 764.94286 | CH22: =1+IF(G22="CdSCdTe",-0.0025,-0.004)*(S22-$S$4) -> 1.0282783 | CI22: OH | CJ22: =COUNTIF($K$7:$K$106,$CI22) -> 1 | CK22: =AVERAGEIF($K$7:$K$106,$CI22,$CB$7:$CB$106) -> 0.90331369 | CL22: =AVERAGEIF($K$7:$K$106,$CI22,$CE$7:$CE$106) -> -0.023300397 | DC22: =N22/O22 -> 1 | DD22: =D22-E22 -> 0 | DE22: =AY22+DD22 -> 15 | DT22: =SUM(AB22:AH22) -> 5123 | DU22: =IF(BB22>0,AB22/BB22,$AA22) -> 730.43478 | DV22: =IF(BC22>0,AC22/BC22,$AA22) -> 717.50546 | DW22: =IF(BD22>0,AD22/BD22,$AA22) -> 713.91793 | DX22: =IF(BE22>0,AE22/BE22,$AA22) -> 710.34834 | DY22: =IF(BF22>0,AF22/BF22,$AA22) -> 706.7966 | DZ22: =IF(BG22>0,AG22/BG22,$AA22) -> 703.26262 | EA22: =IF(BH22>0,AH22/BH22,$AA22) -> 699.7463 | EB22: =DT22/SUM(DU22:EA22) -> 1.0282994 | ED22: =IF($T22="H",CB22," ") | EE22: =IF($T22="H",$CE22," ") | EF22: =IF($T22="C",CB22," ") -> 0.87247347 | EG22: =IF($T22="C",CE22," ") -> -0.031854189 | EI22: =IF($T22="H",$EB22," ") | EJ22: =IF($T22="C",$EB22," ") -> 1.0282994 | EL22: {=LINEST($AB22:$AH22,$AB$6:$AH$6,TRUE,FALSE)} -> -42.25 | EM22: 900.85714 | EN22: =EL22/(EL22*($AB$6+$AH$6)*0.5+EM22) -> -0.057729846 | EO22: {=LINEST($AH22:$AP22,$AH$6:$AP$6,TRUE,FALSE)} -> 37.85 | EP22: 80.538889 | EQ22: =EO22/(EO22*(AY22/2+7/2)+EP22) -> 0.076173971 | ES22: =($EM22+$EL22*ES$6-AB22)^2 -> 346.22577 | ET22: =($EM22+$EL22*ET$6-AC22)^2 -> 499.84184 | EU22: =($EM22+$EL22*EU$6-AD22)^2 -> 146.58291 | EV22: =($EM22+$EL22*EV$6-AE22)^2 -> 8.1632653 | EW22: =($EM22+$EL22*EW$6-AF22)^2 -> 10078.726 | EX22: =($EM22+$EL22*EX$6-AG22)^2 -> 6342.9847 | EY22: =($EM22+$EL22*EY$6-AH22)^2 -> 15402.583 | EZ22: =($EP22+$EO22*EZ$6-AI22)^2 -> 10953.948 | FA22: =($EP22+$EO22*FA$6-AJ22)^2 -> 1036.1246 | FB22: =($EP22+$EO22*FB$6-AK22)^2 -> 132524.31 | FC22: =($EP22+$EO22*FC$6-AL22)^2 -> 166.12346 | FD22: =($EP22+$EO22*FD$6-AM22)^2 -> 452.03485 | FE22: =($EP22+$EO22*FE$6-AN22)^2 -> 4148.7912 | FF22: =($EP22+$EO22*FF$6-AO22)^2 -> 3087.0371 | FG22: =($EP22+$EO22*FG$6-AP22)^2 -> 767.90568 | FQ22: =SQRT(AVERAGE(ES22:FG22))/AVERAGE(AB22:AP22) -> 0.18325169 | FR22: 0.023 | FS22: =FR22/FQ22 -> 0.12551044 | FV22: =SQRT(AVERAGE(ES22:EY22))/AVERAGE(AB22:AH22) -> 0.093568085 | FW22: =FR22/FV22 -> 0.24581031
A23: =A22+1 -> 17 | B23: 57280 | C23: Aqua Ingrams Mill | D23: 2010 | E23: 2010 | F23: IPP Non-CHP | G23: c-Si | H23: Unknown | I23: Fixed | J23: 20 | K23: PA | L23: 39.965 | M23: -75.658 | N23: 1.2 | O23: 1 | P23: =365.25*4.5 -> 1643.625 | Q23: Philadelphia | R23: 12.4 | S23: =R23+11.448+2.715*IF($I23="Tracker",P23*0.95,P23)/365.25 -> 36.0655 | T23: =IF(S23>=50,"H",IF(S23>=40,"M","C")) -> C | U23: 1455 | V23: 671.5 | W23: 0.501 | X23: =V23/U23 -> 0.46151203 | Y23: =MAX(0,IF($I23="Tracker",P23*0.95,P23)*(N23/O23)*0.0000994+0.3284*X23-0.358) -> 0 | Z23: =EXP(-12.9*Y23) -> 1 | AA23: =N23*P23*INDEX($C$3:$D$4,MATCH(I23,$C$3:$C$4,0),2)*CH23 -> 1611.8617 | AB23: 1369 | AC23: 1314 | AD23: 0 | AE23: 1343 | AF23: 1266 | AG23: 1257 | AH23: 1079 | AI23: 1231 | AJ23: 1153 | AK23: 1346 | AL23: 1110 | AM23: 1345 | AN23: 818 | AO23: 769 | AY23: 14 | AZ23: =SUM(AB23:AX23)/AY23/N23/P23 -> 0.55771035 | BA23: =A23 -> 17 | BB23: =IF(ISNUMBER(AB23),MIN(1.15,AB23/($AA23*(1-$K$3)^(BB$6-1))),"") -> 0.84932844 | BC23: =IF(ISNUMBER(AC23),MIN(1.15,AC23/($AA23*(1-$K$3)^(BC$6-1))),"") -> 0.81930292 | BD23: =IF(ISNUMBER(AD23),MIN(1.15,AD23/($AA23*(1-$K$3)^(BD$6-1))),"") -> 0 | BE23: =IF(ISNUMBER(AE23),MIN(1.15,AE23/($AA23*(1-$K$3)^(BE$6-1))),"") -> 0.84582203 | BF23: =IF(ISNUMBER(AF23),MIN(1.15,AF23/($AA23*(1-$K$3)^(BF$6-1))),"") -> 0.80133406 | BG23: =IF(ISNUMBER(AG23),MIN(1.15,AG23/($AA23*(1-$K$3)^(BG$6-1))),"") -> 0.79963555 | BH23: =IF(ISNUMBER(AH23),MIN(1.15,AH23/($AA23*(1-$K$3)^(BH$6-1))),"") -> 0.68985081 | BI23: =IF(ISNUMBER(AI23),MIN(1.15,AI23/($AA23*(1-$K$3)^(BI$6-1))),"") -> 0.79098584 | ... BO23: =IF(ISNUMBER(AO23),MIN(1.15,AO23/($AA23*(1-$K$3)^(BO$6-1))),"") -> 0.50921186 | BY23: =A23 -> 17 | BZ23: =$AA23*IF($K$3=0,$AY23,((1-$K$3)^$AY23-1)/-$K$3) -> 21847.135 | CA23: =SUM(AB23:AX23) -> 15400 | CB23: =CA23/BZ23 -> 0.70489791 | CC23: =ROUND(RANK(CB23,$CB$7:$CB$106,0),0) -> 86 | CD23: =I23 -> Fixed | CE23: =CF23/(CG23+CF23*AY23/2) -> -0.005066056 | CF23: {=LINEST(AB23:AO23,AB$6:AO$6,TRUE,FALSE)} -> -5.5868132 | CG23: 1141.9011 | CH23: =1+IF(G23="CdSCdTe",-0.0025,-0.004)*(S23-$S$4) -> 1.0215363 | CI23: VT | CJ23: =COUNTIF($K$7:$K$106,$CI23) -> 1 | CK23: =AVERAGEIF($K$7:$K$106,$CI23,$CB$7:$CB$106) -> 0.91253478 | CL23: =AVERAGEIF($K$7:$K$106,$CI23,$CE$7:$CE$106) -> -0.010982609 | DC23: =N23/O23 -> 1.2 | DD23: =D23-E23 -> 0 | DE23: =AY23+DD23 -> 14 | DT23: =SUM(AB23:AH23) -> 7628 | DU23: =IF(BB23>0,AB23/BB23,$AA23) -> 1611.8617 | DV23: =IF(BC23>0,AC23/BC23,$AA23) -> 1603.8024 | DW23: =IF(BD23>0,AD23/BD23,$AA23) -> 1611.8617 | DX23: =IF(BE23>0,AE23/BE23,$AA23) -> 1587.8045 | DY23: =IF(BF23>0,AF23/BF23,$AA23) -> 1579.8655 | DZ23: =IF(BG23>0,AG23/BG23,$AA23) -> 1571.9661 | EA23: =IF(BH23>0,AH23/BH23,$AA23) -> 1564.1063 | EB23: =DT23/SUM(DU23:EA23) -> 0.68527681 | ED23: =IF($T23="H",CB23," ") | EE23: =IF($T23="H",$CE23," ") | EF23: =IF($T23="C",CB23," ") -> 0.70489791 | EG23: =IF($T23="C",CE23," ") -> -0.005066056 | EI23: =IF($T23="H",$EB23," ") | EJ23: =IF($T23="C",$EB23," ") -> 0.68527681 | EL23: {=LINEST($AB23:$AH23,$AB$6:$AH$6,TRUE,FALSE)} -> 10.071429 | EM23: 1049.4286 | EN23: =EL23/(EL23*($AB$6+$AH$6)*0.5+EM23) -> 0.0092422653 | EO23: {=LINEST($AH23:$AO23,$AH$6:$AO$6,TRUE,FALSE)} -> -46.369048 | EP23: 1593.25 | EQ23: =EO23/(EO23*(AY23/2+7/2)+EP23) -> -0.041910788 | ES23: =($EM23+$EL23*ES$6-AB23)^2 -> 95790.25 | ET23: =($EM23+$EL23*ET$6-AC23)^2 -> 59745.327 | EU23: =($EM23+$EL23*EU$6-AD23)^2 -> 1165628.7 | EV23: =($EM23+$EL23*EV$6-AE23)^2 -> 64153.653 | EW23: =($EM23+$EL23*EW$6-AF23)^2 -> 27627.189 | EX23: =($EM23+$EL23*EX$6-AG23)^2 -> 21651.02 | EY23: =($EM23+$EL23*EY$6-AH23)^2 -> 1675.148 | EZ23: =($EP23+$EO23*EZ$6-AI23)^2 -> 75.731434 | FA23: =($EP23+$EO23*FA$6-AJ23)^2 -> 525.71939 | FB23: =($EP23+$EO23*FB$6-AK23)^2 -> 46846.48 | FC23: =($EP23+$EO23*FC$6-AL23)^2 -> 718.75057 | FD23: =($EP23+$EO23*FD$6-AM23)^2 -> 94974.032 | FE23: =($EP23+$EO23*FE$6-AN23)^2 -> 29739.824 | FF23: =($EP23+$EO23*FF$6-AO23)^2 -> 30654.174 | FQ23: =SQRT(AVERAGE(ES23:FF23))/AVERAGE(AB23:AO23) -> 0.31112831 | FR23: 0.033 | FS23: =FR23/FQ23 -> 0.10606556 | FV23: =SQRT(AVERAGE(ES23:EY23))/AVERAGE(AB23:AH23) -> 0.41567755 | FW23: =FR23/FV23 -> 0.079388458
A24: =A23+1 -> 18 | B24: 57081 | C24: Calpine Vineland Solar LLC | D24: 2010 | E24: 2009 | F24: IPP Non-CHP | G24: c-Si | H24: Unknown | I24: Fixed | J24: 25 | K24: NJ | L24: 39.4636 | M24: -75.0667 | N24: 4.3 | O24: 4.1 | P24: =365.25*4.6 -> 1680.15 | Q24: Atlantic City | R24: 11.7 | S24: =R24+11.448+2.715*IF($I24="Tracker",P24*0.95,P24)/365.25 -> 35.637 | T24: =IF(S24>=50,"H",IF(S24>=40,"M","C")) -> C | U24: 1486 | V24: 672 | W24: 0.509 | X24: =V24/U24 -> 0.45222073 | Y24: =MAX(0,IF($I24="Tracker",P24*0.95,P24)*(N24/O24)*0.0000994+0.3284*X24-0.358) -> 0 | Z24: =EXP(-12.9*Y24) -> 1 | AA24: =N24*P24*INDEX($C$3:$D$4,MATCH(I24,$C$3:$C$4,0),2)*CH24 -> 5914.0962 | AB24: 7567 | AC24: 5492 | AD24: 6862 | AE24: 5372 | AF24: 5514 | AG24: 5400 | AH24: 5605 | AI24: 5483 | AJ24: 5086 | AK24: 5214 | AL24: 4972 | AM24: 5490 | AN24: 5513 | AO24: 5640 | AP24: 5365 | AY24: 15 | AZ24: =SUM(AB24:AX24)/AY24/N24/P24 -> 0.7804305 | BA24: =A24 -> 18 | BB24: =IF(ISNUMBER(AB24),MIN(1.15,AB24/($AA24*(1-$K$3)^(BB$6-1))),"") -> 1.15 | BC24: =IF(ISNUMBER(AC24),MIN(1.15,AC24/($AA24*(1-$K$3)^(BC$6-1))),"") -> 0.93329527 | BD24: =IF(ISNUMBER(AD24),MIN(1.15,AD24/($AA24*(1-$K$3)^(BD$6-1))),"") -> 1.15 | BE24: =IF(ISNUMBER(AE24),MIN(1.15,AE24/($AA24*(1-$K$3)^(BE$6-1))),"") -> 0.92210075 | BF24: =IF(ISNUMBER(AF24),MIN(1.15,AF24/($AA24*(1-$K$3)^(BF$6-1))),"") -> 0.95123113 | BG24: =IF(ISNUMBER(AG24),MIN(1.15,AG24/($AA24*(1-$K$3)^(BG$6-1))),"") -> 0.93624599 | BH24: =IF(ISNUMBER(AH24),MIN(1.15,AH24/($AA24*(1-$K$3)^(BH$6-1))),"") -> 0.97667202 | BI24: =IF(ISNUMBER(AI24),MIN(1.15,AI24/($AA24*(1-$K$3)^(BI$6-1))),"") -> 0.96021458 | ... BP24: =IF(ISNUMBER(AP24),MIN(1.15,AP24/($AA24*(1-$K$3)^(BP$6-1))),"") -> 0.97310166 | BY24: =A24 -> 18 | BZ24: =$AA24*IF($K$3=0,$AY24,((1-$K$3)^$AY24-1)/-$K$3) -> 85672.817 | CA24: =SUM(AB24:AX24) -> 84575 | CB24: =CA24/BZ24 -> 0.98718593 | CC24: =ROUND(RANK(CB24,$CB$7:$CB$106,0),0) -> 11 | CD24: =I24 -> Fixed | CE24: =CF24/(CG24+CF24*AY24/2) -> -0.014660543 | CF24: {=LINEST(AB24:AP24,AB$6:AP$6,TRUE,FALSE)} -> -83.271429 | CG24: 6304.5048 | CH24: =1+IF(G24="CdSCdTe",-0.0025,-0.004)*(S24-$S$4) -> 1.0232503 | CI24: WA | CJ24: =COUNTIF($K$7:$K$106,$CI24) -> 1 | CK24: =AVERAGEIF($K$7:$K$106,$CI24,$CB$7:$CB$106) -> 0.87247347 | CL24: =AVERAGEIF($K$7:$K$106,$CI24,$CE$7:$CE$106) -> -0.031854189 | DC24: =N24/O24 -> 1.0487805 | DD24: =D24-E24 -> 1 | DE24: =AY24+DD24 -> 16 | DT24: =SUM(AB24:AH24) -> 41812 | DU24: =IF(BB24>0,AB24/BB24,$AA24) -> 6580 | DV24: =IF(BC24>0,AC24/BC24,$AA24) -> 5884.5257 | DW24: =IF(BD24>0,AD24/BD24,$AA24) -> 5966.9565 | DX24: =IF(BE24>0,AE24/BE24,$AA24) -> 5825.8276 | DY24: =IF(BF24>0,AF24/BF24,$AA24) -> 5796.6984 | DZ24: =IF(BG24>0,AG24/BG24,$AA24) -> 5767.7149 | EA24: =IF(BH24>0,AH24/BH24,$AA24) -> 5738.8764 | EB24: =DT24/SUM(DU24:EA24) -> 1.006049 | ED24: =IF($T24="H",CB24," ") | EE24: =IF($T24="H",$CE24," ") | EF24: =IF($T24="C",CB24," ") -> 0.98718593 | EG24: =IF($T24="C",CE24," ") -> -0.014660543 | EI24: =IF($T24="H",$EB24," ") | EJ24: =IF($T24="C",$EB24," ") -> 1.006049 | EL24: {=LINEST($AB24:$AH24,$AB$6:$AH$6,TRUE,FALSE)} -> -264.92857 | EM24: 7032.8571 | EN24: =EL24/(EL24*($AB$6+$AH$6)*0.5+EM24) -> -0.044353296 | EO24: {=LINEST($AH24:$AP24,$AH$6:$AP$6,TRUE,FALSE)} -> 10.683333 | EP24: 5256.7056 | EQ24: =EO24/(EO24*(AY24/2+7/2)+EP24) -> 0.0019878846 | ES24: =($EM24+$EL24*ES$6-AB24)^2 -> 638515.15 | ET24: =($EM24+$EL24*ET$6-AC24)^2 -> 1022121 | EU24: =($EM24+$EL24*EU$6-AD24)^2 -> 389286.86 | EV24: =($EM24+$EL24*EV$6-AE24)^2 -> 361372.73 | EW24: =($EM24+$EL24*EW$6-AF24)^2 -> 37719.189 | EX24: =($EM24+$EL24*EX$6-AG24)^2 -> 1873.6531 | EY24: =($EM24+$EL24*EY$6-AH24)^2 -> 182024.13 | EZ24: =($EP24+$EO24*EZ$6-AI24)^2 -> 19832.463 | FA24: =($EP24+$EO24*FA$6-AJ24)^2 -> 71211.888 | FB24: =($EP24+$EO24*FB$6-AK24)^2 -> 22361.879 | FC24: =($EP24+$EO24*FC$6-AL24)^2 -> 161782.72 | FD24: =($EP24+$EO24*FD$6-AM24)^2 -> 11044.842 | FE24: =($EP24+$EO24*FE$6-AN24)^2 -> 13785.369 | FF24: =($EP24+$EO24*FF$6-AO24)^2 -> 54628.674 | FG24: =($EP24+$EO24*FG$6-AP24)^2 -> 2699.3798 | FQ24: =SQRT(AVERAGE(ES24:FG24))/AVERAGE(AB24:AP24) -> 0.079187766 | FR24: 0.03 | FS24: =FR24/FQ24 -> 0.3788464 | FV24: =SQRT(AVERAGE(ES24:EY24))/AVERAGE(AB24:AH24) -> 0.10267538 | FW24: =FR24/FV24 -> 0.292183
A25: =A24+1 -> 19 | B25: 57011 | C25: Chuckawalla SunE | D25: 2009 | E25: 2006 | F25: IPP Non-CHP | G25: c-Si | H25: SunEdison | I25: Fixed | J25: 20 | K25: CA | L25: 33.565 | M25: -114.904 | N25: 1.2 | O25: 1 | P25: =365.25*6.5 -> 2374.125 | Q25: Daggett | R25: 19.8 | S25: =R25+11.448+2.715*IF($I25="Tracker",P25*0.95,P25)/365.25 -> 48.8955 | T25: =IF(S25>=50,"H",IF(S25>=40,"M","C")) -> M | U25: 2138 | V25: 489 | W25: 0.696 | X25: =V25/U25 -> 0.22871843 | Y25: =MAX(0,IF($I25="Tracker",P25*0.95,P25)*(N25/O25)*0.0000994+0.3284*X25-0.358) -> 0.0002967619 | Z25: =EXP(-12.9*Y25) -> 0.99617909 | AA25: =N25*P25*INDEX($C$3:$D$4,MATCH(I25,$C$3:$C$4,0),2)*CH25 -> 2211.2782 | AB25: 2078 | AC25: 2082 | AD25: 2134 | AE25: 1734 | AF25: 2062 | AG25: 2005 | AH25: 1909 | AI25: 3184 | AJ25: 1764 | AK25: 1529 | AL25: 1807 | AM25: 1653 | AN25: 1479 | AO25: 484 | AP25: 1152 | AQ25: 1389 | AY25: 16 | AZ25: =SUM(AB25:AX25)/AY25/N25/P25 -> 0.62402376 | BA25: =A25 -> 19 | BB25: =IF(ISNUMBER(AB25),MIN(1.15,AB25/($AA25*(1-$K$3)^(BB$6-1))),"") -> 0.93972798 | BC25: =IF(ISNUMBER(AC25),MIN(1.15,AC25/($AA25*(1-$K$3)^(BC$6-1))),"") -> 0.94626823 | BD25: =IF(ISNUMBER(AD25),MIN(1.15,AD25/($AA25*(1-$K$3)^(BD$6-1))),"") -> 0.97477609 | BE25: =IF(ISNUMBER(AE25),MIN(1.15,AE25/($AA25*(1-$K$3)^(BE$6-1))),"") -> 0.79604288 | BF25: =IF(ISNUMBER(AF25),MIN(1.15,AF25/($AA25*(1-$K$3)^(BF$6-1))),"") -> 0.95137767 | BG25: =IF(ISNUMBER(AG25),MIN(1.15,AG25/($AA25*(1-$K$3)^(BG$6-1))),"") -> 0.92972731 | BH25: =IF(ISNUMBER(AH25),MIN(1.15,AH25/($AA25*(1-$K$3)^(BH$6-1))),"") -> 0.88965999 | BI25: =IF(ISNUMBER(AI25),MIN(1.15,AI25/($AA25*(1-$K$3)^(BI$6-1))),"") -> 1.15 | ... BQ25: =IF(ISNUMBER(AQ25),MIN(1.15,AQ25/($AA25*(1-$K$3)^(BQ$6-1))),"") -> 0.67719329 | BY25: =A25 -> 19 | BZ25: =$AA25*IF($K$3=0,$AY25,((1-$K$3)^$AY25-1)/-$K$3) -> 34084.145 | CA25: =SUM(AB25:AX25) -> 28445 | CB25: =CA25/BZ25 -> 0.83455225 | CC25: =ROUND(RANK(CB25,$CB$7:$CB$106,0),0) -> 59 | CD25: =I25 -> Fixed | CE25: =CF25/(CG25+CF25*AY25/2) -> -0.039952041 | CF25: {=LINEST(AB25:AQ25,AB$6:AQ$6,TRUE,FALSE)} -> -72.475 | CG25: 2393.85 | CH25: =1+IF(G25="CdSCdTe",-0.0025,-0.004)*(S25-$S$4) -> 0.97021631 | CI25: NY | CJ25: =COUNTIF($K$7:$K$106,$CI25) -> 1 | CK25: =AVERAGEIF($K$7:$K$106,$CI25,$CB$7:$CB$106) -> 1.025617 | CL25: =AVERAGEIF($K$7:$K$106,$CI25,$CE$7:$CE$106) -> -0.010895507 | DC25: =N25/O25 -> 1.2 | DD25: =D25-E25 -> 3 | DE25: =AY25+DD25 -> 19 | DT25: =SUM(AB25:AH25) -> 14004 | DU25: =IF(BB25>0,AB25/BB25,$AA25) -> 2211.2782 | DV25: =IF(BC25>0,AC25/BC25,$AA25) -> 2200.2218 | DW25: =IF(BD25>0,AD25/BD25,$AA25) -> 2189.2207 | DX25: =IF(BE25>0,AE25/BE25,$AA25) -> 2178.2746 | DY25: =IF(BF25>0,AF25/BF25,$AA25) -> 2167.3832 | DZ25: =IF(BG25>0,AG25/BG25,$AA25) -> 2156.5463 | EA25: =IF(BH25>0,AH25/BH25,$AA25) -> 2145.7636 | EB25: =DT25/SUM(DU25:EA25) -> 0.91837406 | ED25: =IF($T25="H",CB25," ") | EE25: =IF($T25="H",$CE25," ") | EF25: =IF($T25="C",CB25," ") | EG25: =IF($T25="C",CE25," ") | EI25: =IF($T25="H",$EB25," ") | EJ25: =IF($T25="C",$EB25," ") | EL25: {=LINEST($AB25:$AH25,$AB$6:$AH$6,TRUE,FALSE)} -> -26.178571 | EM25: 2105.2857 | EN25: =EL25/(EL25*($AB$6+$AH$6)*0.5+EM25) -> -0.013085547 | EO25: {=LINEST($AH25:$AQ25,$AH$6:$AQ$6,TRUE,FALSE)} -> -155.2 | EP25: 3419.8 | EQ25: =EO25/(EO25*(AY25/2+7/2)+EP25) -> -0.094923547 | ES25: =($EM25+$EL25*ES$6-AB25)^2 -> 1.2257653 | ET25: =($EM25+$EL25*ET$6-AC25)^2 -> 845.14796 | EU25: =($EM25+$EL25*EU$6-AD25)^2 -> 11502.562 | EV25: =($EM25+$EL25*EV$6-AE25)^2 -> 71060.327 | EW25: =($EM25+$EL25*EW$6-AF25)^2 -> 7675.0115 | EX25: =($EM25+$EL25*EX$6-AG25)^2 -> 3224.6173 | EY25: =($EM25+$EL25*EY$6-AH25)^2 -> 169.92985 | EZ25: =($EP25+$EO25*EZ$6-AI25)^2 -> 1011633.6 | FA25: =($EP25+$EO25*FA$6-AJ25)^2 -> 67081 | FB25: =($EP25+$EO25*FB$6-AK25)^2 -> 114785.44 | FC25: =($EP25+$EO25*FC$6-AL25)^2 -> 8911.36 | FD25: =($EP25+$EO25*FD$6-AM25)^2 -> 9139.36 | FE25: =($EP25+$EO25*FE$6-AN25)^2 -> 5898.24 | FF25: =($EP25+$EO25*FF$6-AO25)^2 -> 582169 | FG25: =($EP25+$EO25*FG$6-AP25)^2 -> 3624.04 | FH25: =($EP25+$EO25*FH$6-AQ25)^2 -> 204665.76 | FQ25: =SQRT(AVERAGE(ES25:FH25))/AVERAGE(AB25:AQ25) -> 0.20389677 | FR25: 0.022 | FS25: =FR25/FQ25 -> 0.10789774 | FV25: =SQRT(AVERAGE(ES25:EY25))/AVERAGE(AB25:AH25) -> 0.058071648 | FW25: =FR25/FV25 -> 0.37884236
A26: =A25+1 -> 20 | B26: 56929 | C26: DeSoto | D26: 2010 | E26: 2009 | F26: Electric Utility | G26: c-Si | H26: Unknown | I26: Tracker | J26: 0 | K26: FL | L26: 27.32 | M26: -81.802 | N26: 27.6 | O26: 25 | P26: =365.25*6.3 -> 2301.075 | Q26: Tampa | R26: 22.4 | S26: =R26+11.448+2.715*IF($I26="Tracker",P26*0.95,P26)/365.25 -> 50.097275 | T26: =IF(S26>=50,"H",IF(S26>=40,"M","C")) -> H | U26: 1791.5 | V26: 717 | W26: 0.546 | X26: =V26/U26 -> 0.40022328 | Y26: =MAX(0,IF($I26="Tracker",P26*0.95,P26)*(N26/O26)*0.0000994+0.3284*X26-0.358) -> 0.01332205 | Z26: =EXP(-12.9*Y26) -> 0.84210174 | AA26: =N26*P26*INDEX($C$3:$D$4,MATCH(I26,$C$3:$C$4,0),2)*CH26 -> 46597.744 | AB26: 53341 | AC26: 51845 | AD26: 52048 | AE26: 49827 | AF26: 47421 | AG26: 50036 | AH26: 48650 | AI26: 48200 | AJ26: 46882 | AK26: 45754 | AL26: 40585 | AM26: 43742 | AN26: 37524 | AO26: 33459 | AP26: 28061 | AY26: 15 | AZ26: =SUM(AB26:AX26)/AY26/N26/P26 -> 0.71104658 | BA26: =A26 -> 20 | BB26: =IF(ISNUMBER(AB26),MIN(1.15,AB26/($AA26*(1-$K$3)^(BB$6-1))),"") -> 1.1447121 | BC26: =IF(ISNUMBER(AC26),MIN(1.15,AC26/($AA26*(1-$K$3)^(BC$6-1))),"") -> 1.1181985 | BD26: =IF(ISNUMBER(AD26),MIN(1.15,AD26/($AA26*(1-$K$3)^(BD$6-1))),"") -> 1.1282179 | BE26: =IF(ISNUMBER(AE26),MIN(1.15,AE26/($AA26*(1-$K$3)^(BE$6-1))),"") -> 1.085502 | BF26: =IF(ISNUMBER(AF26),MIN(1.15,AF26/($AA26*(1-$K$3)^(BF$6-1))),"") -> 1.0382776 | BG26: =IF(ISNUMBER(AG26),MIN(1.15,AG26/($AA26*(1-$K$3)^(BG$6-1))),"") -> 1.101038 | BH26: =IF(ISNUMBER(AH26),MIN(1.15,AH26/($AA26*(1-$K$3)^(BH$6-1))),"") -> 1.0759187 | BI26: =IF(ISNUMBER(AI26),MIN(1.15,AI26/($AA26*(1-$K$3)^(BI$6-1))),"") -> 1.0713234 | ... BP26: =IF(ISNUMBER(AP26),MIN(1.15,AP26/($AA26*(1-$K$3)^(BP$6-1))),"") -> 0.64597413 | BY26: =A26 -> 20 | BZ26: =$AA26*IF($K$3=0,$AY26,((1-$K$3)^$AY26-1)/-$K$3) -> 675024.52 | CA26: =SUM(AB26:AX26) -> 677375 | CB26: =CA26/BZ26 -> 1.0034821 | CC26: =ROUND(RANK(CB26,$CB$7:$CB$106,0),0) -> 8 | CD26: =I26 -> Tracker | CE26: =CF26/(CG26+CF26*AY26/2) -> -0.032296931 | CF26: {=LINEST(AB26:AP26,AB$6:AP$6,TRUE,FALSE)} -> -1482.4143 | CG26: 57017.648 | CH26: =1+IF(G26="CdSCdTe",-0.0025,-0.004)*(S26-$S$4) -> 0.96540921 | CI26: OR | CJ26: =COUNTIF($K$7:$K$106,$CI26) -> 1 | CK26: =AVERAGEIF($K$7:$K$106,$CI26,$CB$7:$CB$106) -> 0.71664216 | CL26: =AVERAGEIF($K$7:$K$106,$CI26,$CE$7:$CE$106) -> -0.040123654 | DC26: =N26/O26 -> 1.104 | DD26: =D26-E26 -> 1 | DE26: =AY26+DD26 -> 16 | DT26: =SUM(AB26:AH26) -> 353168 | DU26: =IF(BB26>0,AB26/BB26,$AA26) -> 46597.744 | DV26: =IF(BC26>0,AC26/BC26,$AA26) -> 46364.755 | DW26: =IF(BD26>0,AD26/BD26,$AA26) -> 46132.931 | DX26: =IF(BE26>0,AE26/BE26,$AA26) -> 45902.266 | DY26: =IF(BF26>0,AF26/BF26,$AA26) -> 45672.755 | DZ26: =IF(BG26>0,AG26/BG26,$AA26) -> 45444.391 | EA26: =IF(BH26>0,AH26/BH26,$AA26) -> 45217.169 | EB26: =DT26/SUM(DU26:EA26) -> 1.0990751 | ED26: =IF($T26="H",CB26," ") -> 1.0034821 | EE26: =IF($T26="H",$CE26," ") -> -0.032296931 | EF26: =IF($T26="C",CB26," ") | EG26: =IF($T26="C",CE26," ") | EI26: =IF($T26="H",$EB26," ") -> 1.0990751 | EJ26: =IF($T26="C",$EB26," ") | EL26: {=LINEST($AB26:$AH26,$AB$6:$AH$6,TRUE,FALSE)} -> -797.07143 | EM26: 53640.857 | EN26: =EL26/(EL26*($AB$6+$AH$6)*0.5+EM26) -> -0.01579843 | EO26: {=LINEST($AH26:$AP26,$AH$6:$AP$6,TRUE,FALSE)} -> -2455.1167 | EP26: 68434.839 | EQ26: =EO26/(EO26*(AY26/2+7/2)+EP26) -> -0.059261459 | ES26: =($EM26+$EL26*ES$6-AB26)^2 -> 247222.05 | ET26: =($EM26+$EL26*ET$6-AC26)^2 -> 40688.653 | EU26: =($EM26+$EL26*EU$6-AD26)^2 -> 637374.13 | EV26: =($EM26+$EL26*EV$6-AE26)^2 -> 391339.61 | EW26: =($EM26+$EL26*EW$6-AF26)^2 -> 4992990.2 | EX26: =($EM26+$EL26*EX$6-AG26)^2 -> 1386674.5 | EY26: =($EM26+$EL26*EY$6-AH26)^2 -> 346500.41 | EZ26: =($EP26+$EO26*EZ$6-AI26)^2 -> 352723.81 | FA26: =($EP26+$EO26*FA$6-AJ26)^2 -> 295078.31 | FB26: =($EP26+$EO26*FB$6-AK26)^2 -> 3498126 | FC26: =($EP26+$EO26*FC$6-AL26)^2 -> 711585.98 | FD26: =($EP26+$EO26*FD$6-AM26)^2 -> 22739175 | FE26: =($EP26+$EO26*FE$6-AN26)^2 -> 1011387.8 | FF26: =($EP26+$EO26*FF$6-AO26)^2 -> 365064.35 | FG26: =($EP26+$EO26*FG$6-AP26)^2 -> 12581840 | FQ26: =SQRT(AVERAGE(ES26:FG26))/AVERAGE(AB26:AP26) -> 0.040266839 | FR26: 0.048 | FS26: =FR26/FQ26 -> 1.1920479 | FV26: =SQRT(AVERAGE(ES26:EY26))/AVERAGE(AB26:AH26) -> 0.021245699 | FW26: =FR26/FV26 -> 2.2592808
A27: =A26+1 -> 21 | B27: 57191 | C27: Exelon Chicago | D27: 2010 | E27: 2009 | F27: IPP Non-CHP | G27: Si_IBC | H27: SunPower | I27: Tracker | J27: 0 | K27: IL | L27: 41.68 | M27: -87.65 | N27: 10 | O27: 9 | P27: =365.25*5.1 -> 1862.775 | Q27: Chicago | R27: 9.4 | S27: =R27+11.448+2.715*IF($I27="Tracker",P27*0.95,P27)/365.25 -> 34.002175 | T27: =IF(S27>=50,"H",IF(S27>=40,"M","C")) -> C | U27: 1431.4 | V27: 665.5 | W27: 0.505 | X27: =V27/U27 -> 0.46492944 | Y27: =MAX(0,IF($I27="Tracker",P27*0.95,P27)*(N27/O27)*0.0000994+0.3284*X27-0.358) -> 0 | Z27: =EXP(-12.9*Y27) -> 1 | AA27: =N27*P27*INDEX($C$3:$D$4,MATCH(I27,$C$3:$C$4,0),2)*CH27 -> 14578.824 | AB27: 14145 | AC27: 14062 | AD27: 15080 | AE27: 14293 | AF27: 14527 | AG27: 14126 | AH27: 14102 | AI27: 14328 | AJ27: 13701 | AK27: 14091 | AL27: 13826 | AM27: 13176 | AN27: 13517 | AO27: 12586 | AP27: 11674 | AQ27: 12865 | AY27: 16 | AZ27: =SUM(AB27:AX27)/AY27/N27/P27 -> 0.73847821 | BA27: =A27 -> 21 | BB27: =IF(ISNUMBER(AB27),MIN(1.15,AB27/($AA27*(1-$K$3)^(BB$6-1))),"") -> 0.97024285 | BC27: =IF(ISNUMBER(AC27),MIN(1.15,AC27/($AA27*(1-$K$3)^(BC$6-1))),"") -> 0.96939665 | BD27: =IF(ISNUMBER(AD27),MIN(1.15,AD27/($AA27*(1-$K$3)^(BD$6-1))),"") -> 1.0447988 | BE27: =IF(ISNUMBER(AE27),MIN(1.15,AE27/($AA27*(1-$K$3)^(BE$6-1))),"") -> 0.99524878 | BF27: =IF(ISNUMBER(AF27),MIN(1.15,AF27/($AA27*(1-$K$3)^(BF$6-1))),"") -> 1.0166258 | BG27: =IF(ISNUMBER(AG27),MIN(1.15,AG27/($AA27*(1-$K$3)^(BG$6-1))),"") -> 0.99353072 | BH27: =IF(ISNUMBER(AH27),MIN(1.15,AH27/($AA27*(1-$K$3)^(BH$6-1))),"") -> 0.99682685 | BI27: =IF(ISNUMBER(AI27),MIN(1.15,AI27/($AA27*(1-$K$3)^(BI$6-1))),"") -> 1.0178915 | ... BQ27: =IF(ISNUMBER(AQ27),MIN(1.15,AQ27/($AA27*(1-$K$3)^(BQ$6-1))),"") -> 0.95135166 | BY27: =A27 -> 21 | BZ27: =$AA27*IF($K$3=0,$AY27,((1-$K$3)^$AY27-1)/-$K$3) -> 224714.72 | CA27: =SUM(AB27:AX27) -> 220099 | CB27: =CA27/BZ27 -> 0.97945965 | CC27: =ROUND(RANK(CB27,$CB$7:$CB$106,0),0) -> 15 | CD27: =I27 -> Tracker | CE27: =CF27/(CG27+CF27*AY27/2) -> -0.01023989 | CF27: {=LINEST(AB27:AQ27,AB$6:AQ$6,TRUE,FALSE)} -> -141.58676 | CG27: 14959.675 | CH27: =1+IF(G27="CdSCdTe",-0.0025,-0.004)*(S27-$S$4) -> 1.0297896 | CI27: Total | CJ27: =SUM(CJ7:CJ26) -> 100 | CK27: =AVERAGE($CB$7:$CB$106) -> 0.83956393 | CL27: =$CE$110 -> -0.031107464 | CM27: <avg degr | DC27: =N27/O27 -> 1.1111111 | DD27: =D27-E27 -> 1 | DE27: =AY27+DD27 -> 17 | DT27: =SUM(AB27:AH27) -> 100335 | DU27: =IF(BB27>0,AB27/BB27,$AA27) -> 14578.824 | DV27: =IF(BC27>0,AC27/BC27,$AA27) -> 14505.93 | DW27: =IF(BD27>0,AD27/BD27,$AA27) -> 14433.4 | DX27: =IF(BE27>0,AE27/BE27,$AA27) -> 14361.233 | DY27: =IF(BF27>0,AF27/BF27,$AA27) -> 14289.427 | DZ27: =IF(BG27>0,AG27/BG27,$AA27) -> 14217.98 | EA27: =IF(BH27>0,AH27/BH27,$AA27) -> 14146.89 | EB27: =DT27/SUM(DU27:EA27) -> 0.99802369 | ED27: =IF($T27="H",CB27," ") | EE27: =IF($T27="H",$CE27," ") | EF27: =IF($T27="C",CB27," ") -> 0.97945965 | EG27: =IF($T27="C",CE27," ") -> -0.01023989 | EI27: =IF($T27="H",$EB27," ") | EJ27: =IF($T27="C",$EB27," ") -> 0.99802369 | EL27: {=LINEST($AB27:$AH27,$AB$6:$AH$6,TRUE,FALSE)} -> -19.785714 | EM27: 14412.714 | EN27: =EL27/(EL27*($AB$6+$AH$6)*0.5+EM27) -> -0.0013803757 | EO27: {=LINEST($AH27:$AQ27,$AH$6:$AQ$6,TRUE,FALSE)} -> -228.2303 | EP27: 16011.248 | EQ27: =EO27/(EO27*(AY27/2+7/2)+EP27) -> -0.017049161 | ES27: =($EM27+$EL27*ES$6-AB27)^2 -> 61468.577 | ET27: =($EM27+$EL27*ET$6-AC27)^2 -> 96809.878 | EU27: =($EM27+$EL27*EU$6-AD27)^2 -> 528009.84 | EV27: =($EM27+$EL27*EV$6-AE27)^2 -> 1646.0408 | EW27: =($EM27+$EL27*EW$6-AF27)^2 -> 45460.332 | EX27: =($EM27+$EL27*EX$6-AG27)^2 -> 28224 | EY27: =($EM27+$EL27*EY$6-AH27)^2 -> 29657.76 | EZ27: =($EP27+$EO27*EZ$6-AI27)^2 -> 20333.032 | FA27: =($EP27+$EO27*FA$6-AJ27)^2 -> 65626.019 | FB27: =($EP27+$EO27*FB$6-AK27)^2 -> 131083.49 | FC27: =($EP27+$EO27*FC$6-AL27)^2 -> 105810.23 | FD27: =($EP27+$EO27*FD$6-AM27)^2 -> 9309.326 | FE27: =($EP27+$EO27*FE$6-AN27)^2 -> 223488.26 | FF27: =($EP27+$EO27*FF$6-AO27)^2 -> 52911.152 | FG27: =($EP27+$EO27*FG$6-AP27)^2 -> 835019.36 | FH27: =($EP27+$EO27*FH$6-AQ27)^2 -> 255465.92 | FQ27: =SQRT(AVERAGE(ES27:FH27))/AVERAGE(AB27:AQ27) -> 0.028679382 | FR27: 0.043 | FS27: =FR27/FQ27 -> 1.499335 | FV27: =SQRT(AVERAGE(ES27:EY27))/AVERAGE(AB27:AH27) -> 0.023456363 | FW27: =FR27/FV27 -> 1.8331913
A28: =A27+1 -> 22 | B28: 56877 | C28: Hall's Warehouse | D28: 2009 | E28: 2009 | F28: IPP Non-CHP | G28: CdSCdTe | H28: Unknown | I28: Fixed | J28: 5 | K28: NJ | L28: 40.57371 | M28: -74.39441 | N28: 1.8 | O28: 1.6 | P28: =365.25*(3.9+(5/12.5)*(4.15-3.9)) -> 1461 | Q28: Newark | R28: 12.7 | S28: =R28+11.448+2.715*IF($I28="Tracker",P28*0.95,P28)/365.25 -> 35.008 | T28: =IF(S28>=50,"H",IF(S28>=40,"M","C")) -> C | U28: 1412 | V28: 685 | W28: 0.492 | X28: =V28/U28 -> 0.48512748 | Y28: =MAX(0,IF($I28="Tracker",P28*0.95,P28)*(N28/O28)*0.0000994+0.3284*X28-0.358) -> 0 | Z28: =EXP(-12.9*Y28) -> 1 | AA28: =N28*P28*INDEX($C$3:$D$4,MATCH(I28,$C$3:$C$4,0),2)*CH28 -> 2137.7201 | AB28: 1871 | AC28: 2079 | AD28: 1918 | AE28: 2040 | AF28: 1869 | AG28: 1280 | AH28: 1508 | AI28: 1456 | AJ28: 1782 | AK28: 1648 | AL28: 1557 | AM28: 1448 | AN28: 1358 | AO28: 1707 | AP28: 1594 | AQ28: 1428 | AY28: 16 | AZ28: =SUM(AB28:AX28)/AY28/N28/P28 -> 0.63082269 | BA28: =A28 -> 22 | BB28: =IF(ISNUMBER(AB28),MIN(1.15,AB28/($AA28*(1-$K$3)^(BB$6-1))),"") -> 0.8752315 | BC28: =IF(ISNUMBER(AC28),MIN(1.15,AC28/($AA28*(1-$K$3)^(BC$6-1))),"") -> 0.97741852 | BD28: =IF(ISNUMBER(AD28),MIN(1.15,AD28/($AA28*(1-$K$3)^(BD$6-1))),"") -> 0.90625746 | BE28: =IF(ISNUMBER(AE28),MIN(1.15,AE28/($AA28*(1-$K$3)^(BE$6-1))),"") -> 0.96874635 | BF28: =IF(ISNUMBER(AF28),MIN(1.15,AF28/($AA28*(1-$K$3)^(BF$6-1))),"") -> 0.89200263 | BG28: =IF(ISNUMBER(AG28),MIN(1.15,AG28/($AA28*(1-$K$3)^(BG$6-1))),"") -> 0.61396515 | BH28: =IF(ISNUMBER(AH28),MIN(1.15,AH28/($AA28*(1-$K$3)^(BH$6-1))),"") -> 0.7269625 | BI28: =IF(ISNUMBER(AI28),MIN(1.15,AI28/($AA28*(1-$K$3)^(BI$6-1))),"") -> 0.70542194 | ... BQ28: =IF(ISNUMBER(AQ28),MIN(1.15,AQ28/($AA28*(1-$K$3)^(BQ$6-1))),"") -> 0.72016357 | BY28: =A28 -> 22 | BZ28: =$AA28*IF($K$3=0,$AY28,((1-$K$3)^$AY28-1)/-$K$3) -> 32950.337 | CA28: =SUM(AB28:AX28) -> 26543 | CB28: =CA28/BZ28 -> 0.80554562 | CC28: =ROUND(RANK(CB28,$CB$7:$CB$106,0),0) -> 65 | CD28: =I28 -> Fixed | CE28: =CF28/(CG28+CF28*AY28/2) -> -0.019509476 | CF28: {=LINEST(AB28:AQ28,AB$6:AQ$6,TRUE,FALSE)} -> -32.683824 | CG28: 1936.75 | CH28: =1+IF(G28="CdSCdTe",-0.0025,-0.004)*(S28-$S$4) -> 1.0161039 | CI28: Count | CJ28: =COUNT(CJ7:CJ26) -> 20 | CL28: =$CE$109 -> -0.023304756 | CM28: <median degr | DC28: =N28/O28 -> 1.125 | DD28: =D28-E28 -> 0 | DE28: =AY28+DD28 -> 16 | DT28: =SUM(AB28:AH28) -> 12565 | DU28: =IF(BB28>0,AB28/BB28,$AA28) -> 2137.7201 | DV28: =IF(BC28>0,AC28/BC28,$AA28) -> 2127.0315 | DW28: =IF(BD28>0,AD28/BD28,$AA28) -> 2116.3964 | DX28: =IF(BE28>0,AE28/BE28,$AA28) -> 2105.8144 | DY28: =IF(BF28>0,AF28/BF28,$AA28) -> 2095.2853 | DZ28: =IF(BG28>0,AG28/BG28,$AA28) -> 2084.8089 | EA28: =IF(BH28>0,AH28/BH28,$AA28) -> 2074.3848 | EB28: =DT28/SUM(DU28:EA28) -> 0.85235898 | ED28: =IF($T28="H",CB28," ") | EE28: =IF($T28="H",$CE28," ") | EF28: =IF($T28="C",CB28," ") -> 0.80554562 | EG28: =IF($T28="C",CE28," ") -> -0.019509476 | EI28: =IF($T28="H",$EB28," ") | EJ28: =IF($T28="C",$EB28," ") -> 0.85235898 | EL28: {=LINEST($AB28:$AH28,$AB$6:$AH$6,TRUE,FALSE)} -> -97.714286 | EM28: 2185.8571 | EN28: =EL28/(EL28*($AB$6+$AH$6)*0.5+EM28) -> -0.054436928 | EO28: {=LINEST($AH28:$AQ28,$AH$6:$AQ$6,TRUE,FALSE)} -> -6.7151515 | EP28: 1625.8242 | EQ28: =EO28/(EO28*(AY28/2+7/2)+EP28) -> -0.0043362724 | ES28: =($EM28+$EL28*ES$6-AB28)^2 -> 47151.02 | ET28: =($EM28+$EL28*ET$6-AC28)^2 -> 7844.898 | EU28: =($EM28+$EL28*EU$6-AD28)^2 -> 639.36735 | EV28: =($EM28+$EL28*EV$6-AE28)^2 -> 60025 | EW28: =($EM28+$EL28*EW$6-AF28)^2 -> 29485.796 | EX28: =($EM28+$EL28*EX$6-AG28)^2 -> 102125.9 | EY28: =($EM28+$EL28*EY$6-AH28)^2 -> 37.734694 | EZ28: =($EP28+$EO28*EZ$6-AI28)^2 -> 13479.914 | FA28: =($EP28+$EO28*FA$6-AJ28)^2 -> 46920.811 | FB28: =($EP28+$EO28*FB$6-AK28)^2 -> 7979.3617 | FC28: =($EP28+$EO28*FC$6-AL28)^2 -> 25.426042 | FD28: =($EP28+$EO28*FD$6-AM28)^2 -> 9456.0891 | FE28: =($EP28+$EO28*FE$6-AN28)^2 -> 32590.096 | FF28: =($EP28+$EO28*FF$6-AO28)^2 -> 30690.793 | FG28: =($EP28+$EO28*FG$6-AP28)^2 -> 4747.6276 | FH28: =($EP28+$EO28*FH$6-AQ28)^2 -> 8168.8731 | FQ28: =SQRT(AVERAGE(ES28:FH28))/AVERAGE(AB28:AQ28) -> 0.095473257 | FR28: 0.026 | FS28: =FR28/FQ28 -> 0.27232757 | FV28: =SQRT(AVERAGE(ES28:EY28))/AVERAGE(AB28:AH28) -> 0.10471457 | FW28: =FR28/FV28 -> 0.248294
A29: =A28+1 -> 23 | B29: 57009 | C29: Kohl's San Bernardino SunE | D29: 2009 | E29: 2009 | F29: IPP Non-CHP | G29: c-Si | H29: SunEdison | I29: Fixed | J29: 10 | K29: CA | L29: 34.0947 | M29: -117.26683 | N29: 1.2 | O29: 1 | P29: =365.25*5.87 -> 2144.0175 | Q29: San Bernardino (Meteonorm) | R29: 18.2 | S29: =R29+11.448+2.715*IF($I29="Tracker",P29*0.95,P29)/365.25 -> 45.58505 | T29: =IF(S29>=50,"H",IF(S29>=40,"M","C")) -> M | U29: 1921.2 | V29: 600 | W29: 0.62 | X29: =V29/U29 -> 0.31230481 | Y29: =MAX(0,IF($I29="Tracker",P29*0.95,P29)*(N29/O29)*0.0000994+0.3284*X29-0.358) -> 0.00029930684 | Z29: =EXP(-12.9*Y29) -> 0.99614639 | AA29: =N29*P29*INDEX($C$3:$D$4,MATCH(I29,$C$3:$C$4,0),2)*CH29 -> 2024.2093 | AB29: 1832 | AC29: 1798 | AD29: 4049 | AE29: 1825 | AF29: 1762 | AG29: 1610 | AH29: 1918 | AI29: 859 | AJ29: 0 | AK29: 1014 | AL29: 1368 | AM29: 1455 | AN29: 1455 | AO29: 1626 | AP29: 1049 | AQ29: 944 | AY29: 16 | AZ29: =SUM(AB29:AX29)/AY29/N29/P29 -> 0.59671854 | BA29: =A29 -> 23 | BB29: =IF(ISNUMBER(AB29),MIN(1.15,AB29/($AA29*(1-$K$3)^(BB$6-1))),"") -> 0.90504473 | BC29: =IF(ISNUMBER(AC29),MIN(1.15,AC29/($AA29*(1-$K$3)^(BC$6-1))),"") -> 0.89271161 | BD29: =IF(ISNUMBER(AD29),MIN(1.15,AD29/($AA29*(1-$K$3)^(BD$6-1))),"") -> 1.15 | BE29: =IF(ISNUMBER(AE29),MIN(1.15,AE29/($AA29*(1-$K$3)^(BE$6-1))),"") -> 0.91524676 | BF29: =IF(ISNUMBER(AF29),MIN(1.15,AF29/($AA29*(1-$K$3)^(BF$6-1))),"") -> 0.8880924 | BG29: =IF(ISNUMBER(AG29),MIN(1.15,AG29/($AA29*(1-$K$3)^(BG$6-1))),"") -> 0.81555836 | BH29: =IF(ISNUMBER(AH29),MIN(1.15,AH29/($AA29*(1-$K$3)^(BH$6-1))),"") -> 0.97646053 | BI29: =IF(ISNUMBER(AI29),MIN(1.15,AI29/($AA29*(1-$K$3)^(BI$6-1))),"") -> 0.4395175 | ... BQ29: =IF(ISNUMBER(AQ29),MIN(1.15,AQ29/($AA29*(1-$K$3)^(BQ$6-1))),"") -> 0.50277116 | BY29: =A29 -> 23 | BZ29: =$AA29*IF($K$3=0,$AY29,((1-$K$3)^$AY29-1)/-$K$3) -> 31200.708 | CA29: =SUM(AB29:AX29) -> 24564 | CB29: =CA29/BZ29 -> 0.78728983 | CC29: =ROUND(RANK(CB29,$CB$7:$CB$106,0),0) -> 70 | CD29: =I29 -> Fixed | CE29: =CF29/(CG29+CF29*AY29/2) -> -0.055840329 | CF29: {=LINEST(AB29:AQ29,AB$6:AQ$6,TRUE,FALSE)} -> -88.191176 | CG29: 2284.875 | CH29: =1+IF(G29="CdSCdTe",-0.0025,-0.004)*(S29-$S$4) -> 0.98345811 | DC29: =N29/O29 -> 1.2 | DD29: =D29-E29 -> 0 | DE29: =AY29+DD29 -> 16 | DT29: =SUM(AB29:AH29) -> 14794 | DU29: =IF(BB29>0,AB29/BB29,$AA29) -> 2024.2093 | DV29: =IF(BC29>0,AC29/BC29,$AA29) -> 2014.0883 | DW29: =IF(BD29>0,AD29/BD29,$AA29) -> 3520.8696 | DX29: =IF(BE29>0,AE29/BE29,$AA29) -> 1993.9978 | DY29: =IF(BF29>0,AF29/BF29,$AA29) -> 1984.0278 | DZ29: =IF(BG29>0,AG29/BG29,$AA29) -> 1974.1076 | EA29: =IF(BH29>0,AH29/BH29,$AA29) -> 1964.2371 | EB29: =DT29/SUM(DU29:EA29) -> 0.95596033 | ED29: =IF($T29="H",CB29," ") | EE29: =IF($T29="H",$CE29," ") | EF29: =IF($T29="C",CB29," ") | EG29: =IF($T29="C",CE29," ") | EI29: =IF($T29="H",$EB29," ") | EJ29: =IF($T29="C",$EB29," ") | EL29: {=LINEST($AB29:$AH29,$AB$6:$AH$6,TRUE,FALSE)} -> -85.892857 | EM29: 2457 | EN29: =EL29/(EL29*($AB$6+$AH$6)*0.5+EM29) -> -0.040641476 | EO29: {=LINEST($AH29:$AQ29,$AH$6:$AQ$6,TRUE,FALSE)} -> 12.751515 | EP29: 1022.1576 | EQ29: =EO29/(EO29*(AY29/2+7/2)+EP29) -> 0.010909921 | ES29: =($EM29+$EL29*ES$6-AB29)^2 -> 290636.51 | ET29: =($EM29+$EL29*ET$6-AC29)^2 -> 237377.76 | EU29: =($EM29+$EL29*EU$6-AD29)^2 -> 3421310.8 | EV29: =($EM29+$EL29*EV$6-AE29)^2 -> 83191.041 | EW29: =($EM29+$EL29*EW$6-AF29)^2 -> 70509.216 | EX29: =($EM29+$EL29*EX$6-AG29)^2 -> 109986.98 | EY29: =($EM29+$EL29*EY$6-AH29)^2 -> 3875.0625 | EZ29: =($EP29+$EO29*EZ$6-AI29)^2 -> 70314.968 | FA29: =($EP29+$EO29*FA$6-AJ29)^2 -> 1292589.8 | FB29: =($EP29+$EO29*FB$6-AK29)^2 -> 18407.089 | FC29: =($EP29+$EO29*FC$6-AL29)^2 -> 42261.392 | FD29: =($EP29+$EO29*FD$6-AM29)^2 -> 78301.607 | FE29: =($EP29+$EO29*FE$6-AN29)^2 -> 71327.842 | FF29: =($EP29+$EO29*FF$6-AO29)^2 -> 180898.13 | FG29: =($EP29+$EO29*FG$6-AP29)^2 -> 27037.325 | FH29: =($EP29+$EO29*FH$6-AQ29)^2 -> 79626.579 | FQ29: =SQRT(AVERAGE(ES29:FH29))/AVERAGE(AB29:AQ29) -> 0.40144756 | FR29: 0.024 | FS29: =FR29/FQ29 -> 0.059783649 | FV29: =SQRT(AVERAGE(ES29:EY29))/AVERAGE(AB29:AH29) -> 0.36724797 | FW29: =FR29/FV29 -> 0.065350939
A30: =A29+1 -> 24 | B30: 57005 | C30: Mariani Packing SunE | D30: 2009 | E30: 2009 | F30: IPP Non-CHP | G30: c-Si | H30: SunEdison | I30: Tracker | J30: 0 | K30: CA | L30: 38.4 | M30: -121.964 | N30: 1.1 | O30: 1 | P30: =365.25*6.8 -> 2483.7 | Q30: Sacramento | R30: 16 | S30: =R30+11.448+2.715*IF($I30="Tracker",P30*0.95,P30)/365.25 -> 44.9869 | T30: =IF(S30>=50,"H",IF(S30>=40,"M","C")) -> M | U30: 1793 | V30: 572 | W30: 0.608 | X30: =V30/U30 -> 0.3190184 | Y30: =MAX(0,IF($I30="Tracker",P30*0.95,P30)*(N30/O30)*0.0000994+0.3284*X30-0.358) -> 0.0047550143 | Z30: =EXP(-12.9*Y30) -> 0.94050371 | AA30: =N30*P30*INDEX($C$3:$D$4,MATCH(I30,$C$3:$C$4,0),2)*CH30 -> 2046.994 | AB30: 1996 | AC30: 1132 | AD30: 1986 | AE30: 2008 | AF30: 2142 | AG30: 1991 | AH30: 2010 | AI30: 1863 | AJ30: 1689 | AK30: 1386 | AL30: 1753 | AM30: 1767 | AN30: 1566 | AO30: 545 | AP30: 891 | AQ30: 1253 | AY30: 16 | AZ30: =SUM(AB30:AX30)/AY30/N30/P30 -> 0.59428382 | BA30: =A30 -> 24 | BB30: =IF(ISNUMBER(AB30),MIN(1.15,AB30/($AA30*(1-$K$3)^(BB$6-1))),"") -> 0.97508835 | BC30: =IF(ISNUMBER(AC30),MIN(1.15,AC30/($AA30*(1-$K$3)^(BC$6-1))),"") -> 0.55578494 | BD30: =IF(ISNUMBER(AD30),MIN(1.15,AD30/($AA30*(1-$K$3)^(BD$6-1))),"") -> 0.97997842 | BE30: =IF(ISNUMBER(AE30),MIN(1.15,AE30/($AA30*(1-$K$3)^(BE$6-1))),"") -> 0.99581324 | BF30: =IF(ISNUMBER(AF30),MIN(1.15,AF30/($AA30*(1-$K$3)^(BF$6-1))),"") -> 1.0676049 | BG30: =IF(ISNUMBER(AG30),MIN(1.15,AG30/($AA30*(1-$K$3)^(BG$6-1))),"") -> 0.99733093 | BH30: =IF(ISNUMBER(AH30),MIN(1.15,AH30/($AA30*(1-$K$3)^(BH$6-1))),"") -> 1.0119079 | BI30: =IF(ISNUMBER(AI30),MIN(1.15,AI30/($AA30*(1-$K$3)^(BI$6-1))),"") -> 0.94261581 | ... BQ30: =IF(ISNUMBER(AQ30),MIN(1.15,AQ30/($AA30*(1-$K$3)^(BQ$6-1))),"") -> 0.65991544 | BY30: =A30 -> 24 | BZ30: =$AA30*IF($K$3=0,$AY30,((1-$K$3)^$AY30-1)/-$K$3) -> 31551.905 | CA30: =SUM(AB30:AX30) -> 25978 | CB30: =CA30/BZ30 -> 0.82334172 | CC30: =ROUND(RANK(CB30,$CB$7:$CB$106,0),0) -> 60 | CD30: =I30 -> Tracker | CE30: =CF30/(CG30+CF30*AY30/2) -> -0.035557169 | CF30: {=LINEST(AB30:AQ30,AB$6:AQ$6,TRUE,FALSE)} -> -58.776471 | CG30: 2123.225 | CH30: =1+IF(G30="CdSCdTe",-0.0025,-0.004)*(S30-$S$4) -> 0.98585071 | DC30: =N30/O30 -> 1.1 | DD30: =D30-E30 -> 0 | DE30: =AY30+DD30 -> 16 | DT30: =SUM(AB30:AH30) -> 13265 | DU30: =IF(BB30>0,AB30/BB30,$AA30) -> 2046.994 | DV30: =IF(BC30>0,AC30/BC30,$AA30) -> 2036.759 | DW30: =IF(BD30>0,AD30/BD30,$AA30) -> 2026.5752 | DX30: =IF(BE30>0,AE30/BE30,$AA30) -> 2016.4424 | DY30: =IF(BF30>0,AF30/BF30,$AA30) -> 2006.3601 | DZ30: =IF(BG30>0,AG30/BG30,$AA30) -> 1996.3283 | EA30: =IF(BH30>0,AH30/BH30,$AA30) -> 1986.3467 | EB30: =DT30/SUM(DU30:EA30) -> 0.93972673 | ED30: =IF($T30="H",CB30," ") | EE30: =IF($T30="H",$CE30," ") | EF30: =IF($T30="C",CB30," ") | EG30: =IF($T30="C",CE30," ") | EI30: =IF($T30="H",$EB30," ") | EJ30: =IF($T30="C",$EB30," ") | EL30: {=LINEST($AB30:$AH30,$AB$6:$AH$6,TRUE,FALSE)} -> 68.428571 | EM30: 1621.2857 | EN30: =EL30/(EL30*($AB$6+$AH$6)*0.5+EM30) -> 0.036110064 | EO30: {=LINEST($AH30:$AQ30,$AH$6:$AQ$6,TRUE,FALSE)} -> -113.83636 | EP30: 2781.4182 | EQ30: =EO30/(EO30*(AY30/2+7/2)+EP30) -> -0.077318728 | ES30: =($EM30+$EL30*ES$6-AB30)^2 -> 93810.939 | ET30: =($EM30+$EL30*ET$6-AC30)^2 -> 392054.88 | EU30: =($EM30+$EL30*EU$6-AD30)^2 -> 25417.469 | EV30: =($EM30+$EL30*EV$6-AE30)^2 -> 12769 | EW30: =($EM30+$EL30*EW$6-AF30)^2 -> 31887.755 | EX30: =($EM30+$EL30*EX$6-AG30)^2 -> 1669.3061 | EY30: =($EM30+$EL30*EY$6-AH30)^2 -> 8151.5102 | EZ30: =($EP30+$EO30*EZ$6-AI30)^2 -> 59.710744 | FA30: =($EP30+$EO30*FA$6-AJ30)^2 -> 4609.1755 | FB30: =($EP30+$EO30*FB$6-AK30)^2 -> 66077.039 | FC30: =($EP30+$EO30*FC$6-AL30)^2 -> 50078.302 | FD30: =($EP30+$EO30*FD$6-AM30)^2 -> 123635.35 | FE30: =($EP30+$EO30*FE$6-AN30)^2 -> 69936.207 | FF30: =($EP30+$EO30*FF$6-AO30)^2 -> 413074.98 | FG30: =($EP30+$EO30*FG$6-AP30)^2 -> 33442.434 | FH30: =($EP30+$EO30*FH$6-AQ30)^2 -> 85827.692 | FQ30: =SQRT(AVERAGE(ES30:FH30))/AVERAGE(AB30:AQ30) -> 0.18299902 | FR30: 0.033 | FS30: =FR30/FQ30 -> 0.18032883 | FV30: =SQRT(AVERAGE(ES30:EY30))/AVERAGE(AB30:AH30) -> 0.15002313 | FW30: =FR30/FV30 -> 0.21996609
A31: =A30+1 -> 25 | B31: 56889 | C31: PPL Merck | D31: 2010 | E31: 2009 | F31: IPP Non-CHP | G31: c-Si | H31: Unknown | I31: Fixed | J31: 2 | K31: NJ | L31: 40.727 | M31: -74.378 | N31: 1.8 | O31: 1.7 | P31: =3.9*365.25 -> 1424.475 | Q31: Newark | R31: 12.7 | S31: =R31+11.448+2.715*IF($I31="Tracker",P31*0.95,P31)/365.25 -> 34.7365 | T31: =IF(S31>=50,"H",IF(S31>=40,"M","C")) -> C | U31: 1412 | V31: 685 | W31: 0.492 | X31: =V31/U31 -> 0.48512748 | Y31: =MAX(0,IF($I31="Tracker",P31*0.95,P31)*(N31/O31)*0.0000994+0.3284*X31-0.358) -> 0 | Z31: =EXP(-12.9*Y31) -> 1 | AA31: =N31*P31*INDEX($C$3:$D$4,MATCH(I31,$C$3:$C$4,0),2)*CH31 -> 2106.3246 | AB31: 1623 | AC31: 1483 | AD31: 1628 | AE31: 1563 | AF31: 671 | AG31: 1591 | AH31: 1659 | AI31: 1458 | AJ31: 1369 | AK31: 1500 | AL31: 1459 | AM31: 1259 | AN31: 1128 | AO31: 691 | AP31: 0 | AY31: 15 | AZ31: =SUM(AB31:AX31)/AY31/N31/P31 -> 0.4961412 | BA31: =A31 -> 25 | BB31: =IF(ISNUMBER(AB31),MIN(1.15,AB31/($AA31*(1-$K$3)^(BB$6-1))),"") -> 0.77053649 | BC31: =IF(ISNUMBER(AC31),MIN(1.15,AC31/($AA31*(1-$K$3)^(BC$6-1))),"") -> 0.70760804 | BD31: =IF(ISNUMBER(AD31),MIN(1.15,AD31/($AA31*(1-$K$3)^(BD$6-1))),"") -> 0.78069775 | BE31: =IF(ISNUMBER(AE31),MIN(1.15,AE31/($AA31*(1-$K$3)^(BE$6-1))),"") -> 0.75329386 | BF31: =IF(ISNUMBER(AF31),MIN(1.15,AF31/($AA31*(1-$K$3)^(BF$6-1))),"") -> 0.32501611 | BG31: =IF(ISNUMBER(AG31),MIN(1.15,AG31/($AA31*(1-$K$3)^(BG$6-1))),"") -> 0.77451435 | BH31: =IF(ISNUMBER(AH31),MIN(1.15,AH31/($AA31*(1-$K$3)^(BH$6-1))),"") -> 0.81167579 | BI31: =IF(ISNUMBER(AI31),MIN(1.15,AI31/($AA31*(1-$K$3)^(BI$6-1))),"") -> 0.71691992 | ... BP31: =IF(ISNUMBER(AP31),MIN(1.15,AP31/($AA31*(1-$K$3)^(BP$6-1))),"") -> 0 | BY31: =A31 -> 25 | BZ31: =$AA31*IF($K$3=0,$AY31,((1-$K$3)^$AY31-1)/-$K$3) -> 30512.653 | CA31: =SUM(AB31:AX31) -> 19082 | CB31: =CA31/BZ31 -> 0.6253799 | CC31: =ROUND(RANK(CB31,$CB$7:$CB$106,0),0) -> 94 | CD31: =I31 -> Fixed | CE31: =CF31/(CG31+CF31*AY31/2) -> -0.049120149 | CF31: {=LINEST(AB31:AP31,AB$6:AP$6,TRUE,FALSE)} -> -64.060714 | CG31: 1784.619 | CH31: =1+IF(G31="CdSCdTe",-0.0025,-0.004)*(S31-$S$4) -> 1.0268523 | DC31: =N31/O31 -> 1.0588235 | DD31: =D31-E31 -> 1 | DE31: =AY31+DD31 -> 16 | DT31: =SUM(AB31:AH31) -> 10218 | DU31: =IF(BB31>0,AB31/BB31,$AA31) -> 2106.3246 | DV31: =IF(BC31>0,AC31/BC31,$AA31) -> 2095.793 | DW31: =IF(BD31>0,AD31/BD31,$AA31) -> 2085.3141 | DX31: =IF(BE31>0,AE31/BE31,$AA31) -> 2074.8875 | DY31: =IF(BF31>0,AF31/BF31,$AA31) -> 2064.513 | DZ31: =IF(BG31>0,AG31/BG31,$AA31) -> 2054.1905 | EA31: =IF(BH31>0,AH31/BH31,$AA31) -> 2043.9195 | EB31: =DT31/SUM(DU31:EA31) -> 0.70347956 | ED31: =IF($T31="H",CB31," ") | EE31: =IF($T31="H",$CE31," ") | EF31: =IF($T31="C",CB31," ") -> 0.6253799 | EG31: =IF($T31="C",CE31," ") -> -0.049120149 | EI31: =IF($T31="H",$EB31," ") | EJ31: =IF($T31="C",$EB31," ") -> 0.70347956 | EL31: {=LINEST($AB31:$AH31,$AB$6:$AH$6,TRUE,FALSE)} -> -22.607143 | EM31: 1550.1429 | EN31: =EL31/(EL31*($AB$6+$AH$6)*0.5+EM31) -> -0.015487375 | EO31: {=LINEST($AH31:$AP31,$AH$6:$AP$6,TRUE,FALSE)} -> -161 | EP31: 2940.2222 | EQ31: =EO31/(EO31*(AY31/2+7/2)+EP31) -> -0.13769837 | ES31: =($EM31+$EL31*ES$6-AB31)^2 -> 9113.4298 | ET31: =($EM31+$EL31*ET$6-AC31)^2 -> 480.86224 | EU31: =($EM31+$EL31*EU$6-AD31)^2 -> 21222.246 | EV31: =($EM31+$EL31*EV$6-AE31)^2 -> 10667.939 | EW31: =($EM31+$EL31*EW$6-AF31)^2 -> 586920.15 | EX31: =($EM31+$EL31*EX$6-AG31)^2 -> 31152.25 | EY31: =($EM31+$EL31*EY$6-AH31)^2 -> 71346.226 | EZ31: =($EP31+$EO31*EZ$6-AI31)^2 -> 37722.272 | FA31: =($EP31+$EO31*FA$6-AJ31)^2 -> 14938.272 | FB31: =($EP31+$EO31*FB$6-AK31)^2 -> 28824.494 | FC31: =($EP31+$EO31*FC$6-AL31)^2 -> 83971.16 | FD31: =($EP31+$EO31*FD$6-AM31)^2 -> 62889.494 | FE31: =($EP31+$EO31*FE$6-AN31)^2 -> 78836.16 | FF31: =($EP31+$EO31*FF$6-AO31)^2 -> 22.82716 | FG31: =($EP31+$EO31*FG$6-AP31)^2 -> 275858.38 | FQ31: =SQRT(AVERAGE(ES31:FG31))/AVERAGE(AB31:AP31) -> 0.23265577 | FR31: 0.025 | FS31: =FR31/FQ31 -> 0.10745489 | FV31: =SQRT(AVERAGE(ES31:EY31))/AVERAGE(AB31:AH31) -> 0.22136707 | FW31: =FR31/FV31 -> 0.11293459
A32: =A31+1 -> 26 | B32: 57204 | C32: PSEG Hackettstown | D32: 2010 | E32: 2009 | F32: IPP Non-CHP | G32: c-Si | H32: Other utility | I32: Fixed | J32: 20 | K32: NJ | L32: 40.86063 | M32: -74.82294 | N32: 2.2 | O32: 2 | P32: =365.25*4.4 -> 1607.1 | Q32: Allentown | R32: 10.7 | S32: =R32+11.448+2.715*IF($I32="Tracker",P32*0.95,P32)/365.25 -> 34.094 | T32: =IF(S32>=50,"H",IF(S32>=40,"M","C")) -> C | U32: 1419 | V32: 698 | W32: 0.494 | X32: =V32/U32 -> 0.4918957 | Y32: =MAX(0,IF($I32="Tracker",P32*0.95,P32)*(N32/O32)*0.0000994+0.3284*X32-0.358) -> 0 | Z32: =EXP(-12.9*Y32) -> 1 | AA32: =N32*P32*INDEX($C$3:$D$4,MATCH(I32,$C$3:$C$4,0),2)*CH32 -> 2911.7169 | AB32: 2744 | AC32: 2412 | AD32: 2740 | AE32: 2656 | AF32: 2510 | AG32: 2471 | AH32: 2628 | AI32: 2408 | AJ32: 2167 | AK32: 2391 | AL32: 2382 | AM32: 2241 | AN32: 2395 | AO32: 2285 | AP32: 1761 | AY32: 15 | AZ32: =SUM(AB32:AX32)/AY32/N32/P32 -> 0.68240742 | BA32: =A32 -> 26 | BB32: =IF(ISNUMBER(AB32),MIN(1.15,AB32/($AA32*(1-$K$3)^(BB$6-1))),"") -> 0.94239931 | BC32: =IF(ISNUMBER(AC32),MIN(1.15,AC32/($AA32*(1-$K$3)^(BC$6-1))),"") -> 0.83253994 | BD32: =IF(ISNUMBER(AD32),MIN(1.15,AD32/($AA32*(1-$K$3)^(BD$6-1))),"") -> 0.95050686 | BE32: =IF(ISNUMBER(AE32),MIN(1.15,AE32/($AA32*(1-$K$3)^(BE$6-1))),"") -> 0.92599722 | BF32: =IF(ISNUMBER(AF32),MIN(1.15,AF32/($AA32*(1-$K$3)^(BF$6-1))),"") -> 0.87949273 | BG32: =IF(ISNUMBER(AG32),MIN(1.15,AG32/($AA32*(1-$K$3)^(BG$6-1))),"") -> 0.87017819 | BH32: =IF(ISNUMBER(AH32),MIN(1.15,AH32/($AA32*(1-$K$3)^(BH$6-1))),"") -> 0.93011732 | BI32: =IF(ISNUMBER(AI32),MIN(1.15,AI32/($AA32*(1-$K$3)^(BI$6-1))),"") -> 0.8565363 | ... BP32: =IF(ISNUMBER(AP32),MIN(1.15,AP32/($AA32*(1-$K$3)^(BP$6-1))),"") -> 0.6487645 | BY32: =A32 -> 26 | BZ32: =$AA32*IF($K$3=0,$AY32,((1-$K$3)^$AY32-1)/-$K$3) -> 42179.731 | CA32: =SUM(AB32:AX32) -> 36191 | CB32: =CA32/BZ32 -> 0.85801874 | CC32: =ROUND(RANK(CB32,$CB$7:$CB$106,0),0) -> 54 | CD32: =I32 -> Fixed | CE32: =CF32/(CG32+CF32*AY32/2) -> -0.01765452 | CF32: {=LINEST(AB32:AP32,AB$6:AP$6,TRUE,FALSE)} -> -42.975 | CG32: 2756.5333 | CH32: =1+IF(G32="CdSCdTe",-0.0025,-0.004)*(S32-$S$4) -> 1.0294223 | DC32: =N32/O32 -> 1.1 | DD32: =D32-E32 -> 1 | DE32: =AY32+DD32 -> 16 | DT32: =SUM(AB32:AH32) -> 18161 | DU32: =IF(BB32>0,AB32/BB32,$AA32) -> 2911.7169 | DV32: =IF(BC32>0,AC32/BC32,$AA32) -> 2897.1583 | DW32: =IF(BD32>0,AD32/BD32,$AA32) -> 2882.6725 | DX32: =IF(BE32>0,AE32/BE32,$AA32) -> 2868.2592 | DY32: =IF(BF32>0,AF32/BF32,$AA32) -> 2853.9179 | DZ32: =IF(BG32>0,AG32/BG32,$AA32) -> 2839.6483 | EA32: =IF(BH32>0,AH32/BH32,$AA32) -> 2825.45 | EB32: =DT32/SUM(DU32:EA32) -> 0.90448529 | ED32: =IF($T32="H",CB32," ") | EE32: =IF($T32="H",$CE32," ") | EF32: =IF($T32="C",CB32," ") -> 0.85801874 | EG32: =IF($T32="C",CE32," ") -> -0.01765452 | EI32: =IF($T32="H",$EB32," ") | EJ32: =IF($T32="C",$EB32," ") -> 0.90448529 | EL32: {=LINEST($AB32:$AH32,$AB$6:$AH$6,TRUE,FALSE)} -> -16.428571 | EM32: 2660.1429 | EN32: =EL32/(EL32*($AB$6+$AH$6)*0.5+EM32) -> -0.0063322504 | EO32: {=LINEST($AH32:$AP32,$AH$6:$AP$6,TRUE,FALSE)} -> -58.85 | EP32: 2942.6833 | EQ32: =EO32/(EO32*(AY32/2+7/2)+EP32) -> -0.025638978 | ES32: =($EM32+$EL32*ES$6-AB32)^2 -> 10057.224 | ET32: =($EM32+$EL32*ET$6-AC32)^2 -> 46347.939 | EU32: =($EM32+$EL32*EU$6-AD32)^2 -> 16677.878 | EV32: =($EM32+$EL32*EV$6-AE32)^2 -> 3791.0408 | EW32: =($EM32+$EL32*EW$6-AF32)^2 -> 4624 | EX32: =($EM32+$EL32*EX$6-AG32)^2 -> 8203.1837 | EY32: =($EM32+$EL32*EY$6-AH32)^2 -> 6865.3061 | EZ32: =($EP32+$EO32*EZ$6-AI32)^2 -> 4081.0803 | FA32: =($EP32+$EO32*FA$6-AJ32)^2 -> 60532.401 | FB32: =($EP32+$EO32*FB$6-AK32)^2 -> 1355.4669 | FC32: =($EP32+$EO32*FC$6-AL32)^2 -> 7511.1111 | FD32: =($EP32+$EO32*FD$6-AM32)^2 -> 20.400278 | FE32: =($EP32+$EO32*FE$6-AN32)^2 -> 47248.268 | FF32: =($EP32+$EO32*FF$6-AO32)^2 -> 27627.98 | FG32: =($EP32+$EO32*FG$6-AP32)^2 -> 89361.138 | FQ32: =SQRT(AVERAGE(ES32:FG32))/AVERAGE(AB32:AP32) -> 0.061875127 | FR32: 0.029 | FS32: =FR32/FQ32 -> 0.46868591 | FV32: =SQRT(AVERAGE(ES32:EY32))/AVERAGE(AB32:AH32) -> 0.045271269 | FW32: =FR32/FV32 -> 0.64058288
A33: =A32+1 -> 27 | B33: 57141 | C33: RV CSU | D33: 2010 | E33: 2009 | F33: Commercial Non-CHP | G33: c-Si | H33: MMA | I33: Tracker | J33: 0 | K33: CO | L33: 40.591 | M33: -105.146 | N33: 2 | O33: 1.9 | P33: =365.25*6.4 -> 2337.6 | Q33: Boulder | R33: 10.2 | S33: =R33+11.448+2.715*IF($I33="Tracker",P33*0.95,P33)/365.25 -> 38.1552 | T33: =IF(S33>=50,"H",IF(S33>=40,"M","C")) -> C | U33: 1689 | V33: 562 | W33: 0.583 | X33: =V33/U33 -> 0.33274127 | Y33: =MAX(0,IF($I33="Tracker",P33*0.95,P33)*(N33/O33)*0.0000994+0.3284*X33-0.358) -> 0 | Z33: =EXP(-12.9*Y33) -> 1 | AA33: =N33*P33*INDEX($C$3:$D$4,MATCH(I33,$C$3:$C$4,0),2)*CH33 -> 3599.9737 | AB33: 3460 | AC33: 3422 | AD33: 3520 | AE33: 3389 | AF33: 2930 | AG33: 2991 | AH33: 4610 | AI33: 3350 | AJ33: 3391 | AK33: 3007 | AL33: 2998 | AM33: 3013 | AN33: 2290 | AO33: 2514 | AP33: 1757 | AY33: 15 | AZ33: =SUM(AB33:AX33)/AY33/N33/P33 -> 0.66509811 | BA33: =A33 -> 27 | BB33: =IF(ISNUMBER(AB33),MIN(1.15,AB33/($AA33*(1-$K$3)^(BB$6-1))),"") -> 0.96111813 | BC33: =IF(ISNUMBER(AC33),MIN(1.15,AC33/($AA33*(1-$K$3)^(BC$6-1))),"") -> 0.9553392 | BD33: =IF(ISNUMBER(AD33),MIN(1.15,AD33/($AA33*(1-$K$3)^(BD$6-1))),"") -> 0.9876366 | BE33: =IF(ISNUMBER(AE33),MIN(1.15,AE33/($AA33*(1-$K$3)^(BE$6-1))),"") -> 0.9556591 | BF33: =IF(ISNUMBER(AF33),MIN(1.15,AF33/($AA33*(1-$K$3)^(BF$6-1))),"") -> 0.83037826 | BG33: =IF(ISNUMBER(AG33),MIN(1.15,AG33/($AA33*(1-$K$3)^(BG$6-1))),"") -> 0.85192562 | BH33: =IF(ISNUMBER(AH33),MIN(1.15,AH33/($AA33*(1-$K$3)^(BH$6-1))),"") -> 1.15 | BI33: =IF(ISNUMBER(AI33),MIN(1.15,AI33/($AA33*(1-$K$3)^(BI$6-1))),"") -> 0.96379332 | ... BP33: =IF(ISNUMBER(AP33),MIN(1.15,AP33/($AA33*(1-$K$3)^(BP$6-1))),"") -> 0.52353932 | BY33: =A33 -> 27 | BZ33: =$AA33*IF($K$3=0,$AY33,((1-$K$3)^$AY33-1)/-$K$3) -> 52149.962 | CA33: =SUM(AB33:AX33) -> 46642 | CB33: =CA33/BZ33 -> 0.89438225 | CC33: =ROUND(RANK(CB33,$CB$7:$CB$106,0),0) -> 41 | CD33: =I33 -> Tracker | CE33: =CF33/(CG33+CF33*AY33/2) -> -0.029430082 | CF33: {=LINEST(AB33:AP33,AB$6:AP$6,TRUE,FALSE)} -> -92.878571 | CG33: 3852.4952 | CH33: =1+IF(G33="CdSCdTe",-0.0025,-0.004)*(S33-$S$4) -> 1.0131775 | DC33: =N33/O33 -> 1.0526316 | DD33: =D33-E33 -> 1 | DE33: =AY33+DD33 -> 16 | DT33: =SUM(AB33:AH33) -> 24322 | DU33: =IF(BB33>0,AB33/BB33,$AA33) -> 3599.9737 | DV33: =IF(BC33>0,AC33/BC33,$AA33) -> 3581.9738 | DW33: =IF(BD33>0,AD33/BD33,$AA33) -> 3564.064 | DX33: =IF(BE33>0,AE33/BE33,$AA33) -> 3546.2436 | DY33: =IF(BF33>0,AF33/BF33,$AA33) -> 3528.5124 | DZ33: =IF(BG33>0,AG33/BG33,$AA33) -> 3510.8699 | EA33: =IF(BH33>0,AH33/BH33,$AA33) -> 4008.6957 | EB33: =DT33/SUM(DU33:EA33) -> 0.95981374 | ED33: =IF($T33="H",CB33," ") | EE33: =IF($T33="H",$CE33," ") | EF33: =IF($T33="C",CB33," ") -> 0.89438225 | EG33: =IF($T33="C",CE33," ") -> -0.029430082 | EI33: =IF($T33="H",$EB33," ") | EJ33: =IF($T33="C",$EB33," ") -> 0.95981374 | EL33: {=LINEST($AB33:$AH33,$AB$6:$AH$6,TRUE,FALSE)} -> 71.357143 | EM33: 3189.1429 | EN33: =EL33/(EL33*($AB$6+$AH$6)*0.5+EM33) -> 0.020536962 | EO33: {=LINEST($AH33:$AP33,$AH$6:$AP$6,TRUE,FALSE)} -> -268.6 | EP33: 5946.8222 | EQ33: =EO33/(EO33*(AY33/2+7/2)+EP33) -> -0.08976606 | ES33: =($EM33+$EL33*ES$6-AB33)^2 -> 39800.25 | ET33: =($EM33+$EL33*ET$6-AC33)^2 -> 8125.7347 | EU33: =($EM33+$EL33*EU$6-AD33)^2 -> 13638.903 | EV33: =($EM33+$EL33*EV$6-AE33)^2 -> 7322.4694 | EW33: =($EM33+$EL33*EW$6-AF33)^2 -> 379368.01 | EX33: =($EM33+$EL33*EX$6-AG33)^2 -> 392233.8 | EY33: =($EM33+$EL33*EY$6-AH33)^2 -> 848898.98 | EZ33: =($EP33+$EO33*EZ$6-AI33)^2 -> 200723.91 | FA33: =($EP33+$EO33*FA$6-AJ33)^2 -> 19160.712 | FB33: =($EP33+$EO33*FB$6-AK33)^2 -> 64425.72 | FC33: =($EP33+$EO33*FC$6-AL33)^2 -> 33.382716 | FD33: =($EP33+$EO33*FD$6-AM33)^2 -> 83739.498 | FE33: =($EP33+$EO33*FE$6-AN33)^2 -> 27232.334 | FF33: =($EP33+$EO33*FF$6-AO33)^2 -> 107307.2 | FG33: =($EP33+$EO33*FG$6-AP33)^2 -> 25863.787 | FQ33: =SQRT(AVERAGE(ES33:FG33))/AVERAGE(AB33:AP33) -> 0.1236622 | FR33: 0.051 | FS33: =FR33/FQ33 -> 0.41241382 | FV33: =SQRT(AVERAGE(ES33:EY33))/AVERAGE(AB33:AH33) -> 0.14138862 | FW33: =FR33/FV33 -> 0.36070795
A34: =A33+1 -> 28 | B34: 56939 | C34: Solar Blythe (NRG) | D34: 2010 | E34: 2009 | F34: IPP Non-CHP | G34: CdSCdTe | H34: NRG | I34: Fixed | J34: 24 | K34: CA | L34: 33.592 | M34: -114.744 | N34: 26.4 | O34: 21 | P34: =365.25*6.5 -> 2374.125 | Q34: Daggett | R34: 19.8 | S34: =R34+11.448+2.715*IF($I34="Tracker",P34*0.95,P34)/365.25 -> 48.8955 | T34: =IF(S34>=50,"H",IF(S34>=40,"M","C")) -> M | U34: 2138 | V34: 489 | W34: 0.696 | X34: =V34/U34 -> 0.22871843 | Y34: =MAX(0,IF($I34="Tracker",P34*0.95,P34)*(N34/O34)*0.0000994+0.3284*X34-0.358) -> 0.013781792 | Z34: =EXP(-12.9*Y34) -> 0.83712229 | AA34: =N34*P34*INDEX($C$3:$D$4,MATCH(I34,$C$3:$C$4,0),2)*CH34 -> 49208.145 | AB34: 49855 | AC34: 51275 | AD34: 47708 | AE34: 47624 | AF34: 46740 | AG34: 45908 | AH34: 45470 | AI34: 44008 | AJ34: 42291 | AK34: 43320 | AL34: 41561 | AM34: 41258 | AN34: 42013 | AO34: 40522 | AP34: 41770 | AY34: 15 | AZ34: =SUM(AB34:AX34)/AY34/N34/P34 -> 0.7140568 | BA34: =A34 -> 28 | BB34: =IF(ISNUMBER(AB34),MIN(1.15,AB34/($AA34*(1-$K$3)^(BB$6-1))),"") -> 1.0131453 | BC34: =IF(ISNUMBER(AC34),MIN(1.15,AC34/($AA34*(1-$K$3)^(BC$6-1))),"") -> 1.0472385 | BD34: =IF(ISNUMBER(AD34),MIN(1.15,AD34/($AA34*(1-$K$3)^(BD$6-1))),"") -> 0.97928263 | BE34: =IF(ISNUMBER(AE34),MIN(1.15,AE34/($AA34*(1-$K$3)^(BE$6-1))),"") -> 0.98247075 | BF34: =IF(ISNUMBER(AF34),MIN(1.15,AF34/($AA34*(1-$K$3)^(BF$6-1))),"") -> 0.96907946 | BG34: =IF(ISNUMBER(AG34),MIN(1.15,AG34/($AA34*(1-$K$3)^(BG$6-1))),"") -> 0.95661233 | BH34: =IF(ISNUMBER(AH34),MIN(1.15,AH34/($AA34*(1-$K$3)^(BH$6-1))),"") -> 0.95224669 | BI34: =IF(ISNUMBER(AI34),MIN(1.15,AI34/($AA34*(1-$K$3)^(BI$6-1))),"") -> 0.92626034 | ... BP34: =IF(ISNUMBER(AP34),MIN(1.15,AP34/($AA34*(1-$K$3)^(BP$6-1))),"") -> 0.91055115 | BY34: =A34 -> 28 | BZ34: =$AA34*IF($K$3=0,$AY34,((1-$K$3)^$AY34-1)/-$K$3) -> 712839.34 | CA34: =SUM(AB34:AX34) -> 671323 | CB34: =CA34/BZ34 -> 0.94175919 | CC34: =ROUND(RANK(CB34,$CB$7:$CB$106,0),0) -> 24 | CD34: =I34 -> Fixed | CE34: =CF34/(CG34+CF34*AY34/2) -> -0.015750661 | CF34: {=LINEST(AB34:AP34,AB$6:AP$6,TRUE,FALSE)} -> -710.51429 | CG34: 50438.981 | CH34: =1+IF(G34="CdSCdTe",-0.0025,-0.004)*(S34-$S$4) -> 0.9813852 | DC34: =N34/O34 -> 1.2571429 | DD34: =D34-E34 -> 1 | DE34: =AY34+DD34 -> 16 | DT34: =SUM(AB34:AH34) -> 334580 | DU34: =IF(BB34>0,AB34/BB34,$AA34) -> 49208.145 | DV34: =IF(BC34>0,AC34/BC34,$AA34) -> 48962.105 | DW34: =IF(BD34>0,AD34/BD34,$AA34) -> 48717.294 | DX34: =IF(BE34>0,AE34/BE34,$AA34) -> 48473.708 | DY34: =IF(BF34>0,AF34/BF34,$AA34) -> 48231.339 | DZ34: =IF(BG34>0,AG34/BG34,$AA34) -> 47990.182 | EA34: =IF(BH34>0,AH34/BH34,$AA34) -> 47750.232 | EB34: =DT34/SUM(DU34:EA34) -> 0.9859931 | ED34: =IF($T34="H",CB34," ") | EE34: =IF($T34="H",$CE34," ") | EF34: =IF($T34="C",CB34," ") | EG34: =IF($T34="C",CE34," ") | EI34: =IF($T34="H",$EB34," ") | EJ34: =IF($T34="C",$EB34," ") | EL34: {=LINEST($AB34:$AH34,$AB$6:$AH$6,TRUE,FALSE)} -> -887.75 | EM34: 51348.143 | EN34: =EL34/(EL34*($AB$6+$AH$6)*0.5+EM34) -> -0.018573286 | EO34: {=LINEST($AH34:$AP34,$AH$6:$AP$6,TRUE,FALSE)} -> -464.6 | EP34: 47578.711 | EQ34: =EO34/(EO34*(AY34/2+7/2)+EP34) -> -0.010939973 | ES34: =($EM34+$EL34*ES$6-AB34)^2 -> 366500.51 | ET34: =($EM34+$EL34*ET$6-AC34)^2 -> 2898019.8 | EU34: =($EM34+$EL34*EU$6-AD34)^2 -> 954319.65 | EV34: =($EM34+$EL34*EV$6-AE34)^2 -> 29978.449 | EW34: =($EM34+$EL34*EW$6-AF34)^2 -> 28693.94 | EX34: =($EM34+$EL34*EX$6-AG34)^2 -> 12914.699 | EY34: =($EM34+$EL34*EY$6-AH34)^2 -> 112968.01 | EZ34: =($EP34+$EO34*EZ$6-AI34)^2 -> 21341.963 | FA34: =($EP34+$EO34*FA$6-AJ34)^2 -> 1223924.3 | FB34: =($EP34+$EO34*FB$6-AK34)^2 -> 149992.68 | FC34: =($EP34+$EO34*FC$6-AL34)^2 -> 822850.57 | FD34: =($EP34+$EO34*FD$6-AM34)^2 -> 555786.82 | FE34: =($EP34+$EO34*FE$6-AN34)^2 -> 224760.27 | FF34: =($EP34+$EO34*FF$6-AO34)^2 -> 305047.56 | FG34: =($EP34+$EO34*FG$6-AP34)^2 -> 1346270.3 | FQ34: =SQRT(AVERAGE(ES34:FG34))/AVERAGE(AB34:AP34) -> 0.017358781 | FR34: 0.022 | FS34: =FR34/FQ34 -> 1.2673701 | FV34: =SQRT(AVERAGE(ES34:EY34))/AVERAGE(AB34:AH34) -> 0.016593686 | FW34: =FR34/FV34 -> 1.3258055
A35: =A34+1 -> 29 | B35: 56996 | C35: Solar PV #02 (SCE) | D35: 2010 | E35: 2009 | F35: Electric Utility | G35: CdSCdTe | H35: Other utility | I35: Fixed | J35: 2 | K35: CA | L35: 33.99 | M35: -117.7 | N35: 1.2 | O35: 1 | P35: =365.25*5.15 -> 1881.0375 | Q35: Chino (Meteonorm) | R35: 17.7 | S35: =R35+11.448+2.715*IF($I35="Tracker",P35*0.95,P35)/365.25 -> 43.13025 | T35: =IF(S35>=50,"H",IF(S35>=40,"M","C")) -> M | U35: 1849 | V35: 627 | W35: 0.596 | X35: =V35/U35 -> 0.33910222 | Y35: =MAX(0,IF($I35="Tracker",P35*0.95,P35)*(N35/O35)*0.0000994+0.3284*X35-0.358) -> 0 | Z35: =EXP(-12.9*Y35) -> 1 | AA35: =N35*P35*INDEX($C$3:$D$4,MATCH(I35,$C$3:$C$4,0),2)*CH35 -> 1798.2086 | AB35: 1421 | AC35: 1312 | AD35: 887 | AE35: 951 | AF35: 791 | AG35: 703 | AH35: 899 | AI35: 580 | AJ35: 365 | AK35: 661 | AL35: 722 | AM35: 1190 | AN35: 710 | AO35: 0 | AP35: 0 | AY35: 15 | AZ35: =SUM(AB35:AX35)/AY35/N35/P35 -> 0.33055044 | BA35: =A35 -> 29 | BB35: =IF(ISNUMBER(AB35),MIN(1.15,AB35/($AA35*(1-$K$3)^(BB$6-1))),"") -> 0.79023089 | BC35: =IF(ISNUMBER(AC35),MIN(1.15,AC35/($AA35*(1-$K$3)^(BC$6-1))),"") -> 0.73328142 | BD35: =IF(ISNUMBER(AD35),MIN(1.15,AD35/($AA35*(1-$K$3)^(BD$6-1))),"") -> 0.49823861 | BE35: =IF(ISNUMBER(AE35),MIN(1.15,AE35/($AA35*(1-$K$3)^(BE$6-1))),"") -> 0.53687255 | BF35: =IF(ISNUMBER(AF35),MIN(1.15,AF35/($AA35*(1-$K$3)^(BF$6-1))),"") -> 0.44879094 | BG35: =IF(ISNUMBER(AG35),MIN(1.15,AG35/($AA35*(1-$K$3)^(BG$6-1))),"") -> 0.40086657 | BH35: =IF(ISNUMBER(AH35),MIN(1.15,AH35/($AA35*(1-$K$3)^(BH$6-1))),"") -> 0.51520626 | BI35: =IF(ISNUMBER(AI35),MIN(1.15,AI35/($AA35*(1-$K$3)^(BI$6-1))),"") -> 0.33406144 | ... BP35: =IF(ISNUMBER(AP35),MIN(1.15,AP35/($AA35*(1-$K$3)^(BP$6-1))),"") -> 0 | BY35: =A35 -> 29 | BZ35: =$AA35*IF($K$3=0,$AY35,((1-$K$3)^$AY35-1)/-$K$3) -> 26049.221 | CA35: =SUM(AB35:AX35) -> 11192 | CB35: =CA35/BZ35 -> 0.42964817 | CC35: =ROUND(RANK(CB35,$CB$7:$CB$106,0),0) -> 98 | CD35: =I35 -> Fixed | CE35: =CF35/(CG35+CF35*AY35/2) -> -0.085117661 | CF35: {=LINEST(AB35:AP35,AB$6:AP$6,TRUE,FALSE)} -> -66.332143 | CG35: 1276.7905 | CH35: =1+IF(G35="CdSCdTe",-0.0025,-0.004)*(S35-$S$4) -> 0.99579832 | DC35: =N35/O35 -> 1.2 | DD35: =D35-E35 -> 1 | DE35: =AY35+DD35 -> 16 | DT35: =SUM(AB35:AH35) -> 6964 | DU35: =IF(BB35>0,AB35/BB35,$AA35) -> 1798.2086 | DV35: =IF(BC35>0,AC35/BC35,$AA35) -> 1789.2176 | DW35: =IF(BD35>0,AD35/BD35,$AA35) -> 1780.2715 | DX35: =IF(BE35>0,AE35/BE35,$AA35) -> 1771.3701 | DY35: =IF(BF35>0,AF35/BF35,$AA35) -> 1762.5133 | DZ35: =IF(BG35>0,AG35/BG35,$AA35) -> 1753.7007 | EA35: =IF(BH35>0,AH35/BH35,$AA35) -> 1744.9322 | EB35: =DT35/SUM(DU35:EA35) -> 0.56160321 | ED35: =IF($T35="H",CB35," ") | EE35: =IF($T35="H",$CE35," ") | EF35: =IF($T35="C",CB35," ") | EG35: =IF($T35="C",CE35," ") | EI35: =IF($T35="H",$EB35," ") | EJ35: =IF($T35="C",$EB35," ") | EL35: {=LINEST($AB35:$AH35,$AB$6:$AH$6,TRUE,FALSE)} -> -102.85714 | EM35: 1406.2857 | EN35: =EL35/(EL35*($AB$6+$AH$6)*0.5+EM35) -> -0.10338886 | EO35: {=LINEST($AH35:$AP35,$AH$6:$AP$6,TRUE,FALSE)} -> -68.616667 | EP35: 1324.45 | EQ35: =EO35/(EO35*(AY35/2+7/2)+EP35) -> -0.12045056 | ES35: =($EM35+$EL35*ES$6-AB35)^2 -> 13823.041 | ET35: =($EM35+$EL35*ET$6-AC35)^2 -> 12416.327 | EU35: =($EM35+$EL35*EU$6-AD35)^2 -> 44400.51 | EV35: =($EM35+$EL35*EV$6-AE35)^2 -> 1923.449 | EW35: =($EM35+$EL35*EW$6-AF35)^2 -> 10201 | EX35: =($EM35+$EL35*EX$6-AG35)^2 -> 7420.5918 | EY35: =($EM35+$EL35*EY$6-AH35)^2 -> 45247.367 | EZ35: =($EP35+$EO35*EZ$6-AI35)^2 -> 38226.767 | FA35: =($EP35+$EO35*FA$6-AJ35)^2 -> 116895.61 | FB35: =($EP35+$EO35*FB$6-AK35)^2 -> 516.04694 | FC35: =($EP35+$EO35*FC$6-AL35)^2 -> 23205.444 | FD35: =($EP35+$EO35*FD$6-AM35)^2 -> 474652.1 | FE35: =($EP35+$EO35*FE$6-AN35)^2 -> 77043.254 | FF35: =($EP35+$EO35*FF$6-AO35)^2 -> 132362.57 | FG35: =($EP35+$EO35*FG$6-AP35)^2 -> 87143.04 | FQ35: =SQRT(AVERAGE(ES35:FG35))/AVERAGE(AB35:AP35) -> 0.36053569 | FR35: 0.024 | FS35: =FR35/FQ35 -> 0.066567612 | FV35: =SQRT(AVERAGE(ES35:EY35))/AVERAGE(AB35:AH35) -> 0.13981423 | FW35: =FR35/FV35 -> 0.17165635
A36: =A35+1 -> 30 | B36: 57010 | C36: SunE Anheuser | D36: 2009 | E36: 2009 | F36: IPP Non-CHP | G36: c-Si | H36: SunEdison | I36: Tracker | J36: 0 | K36: CA | L36: 38.232 | M36: -122.093 | N36: 1.2 | O36: 1 | P36: =365.25*6.8 -> 2483.7 | Q36: Sacramento | R36: 16 | S36: =R36+11.448+2.715*IF($I36="Tracker",P36*0.95,P36)/365.25 -> 44.9869 | T36: =IF(S36>=50,"H",IF(S36>=40,"M","C")) -> M | U36: 1793 | V36: 572 | W36: 0.608 | X36: =V36/U36 -> 0.3190184 | Y36: =MAX(0,IF($I36="Tracker",P36*0.95,P36)*(N36/O36)*0.0000994+0.3284*X36-0.358) -> 0.028208593 | Z36: =EXP(-12.9*Y36) -> 0.69496704 | AA36: =N36*P36*INDEX($C$3:$D$4,MATCH(I36,$C$3:$C$4,0),2)*CH36 -> 2233.0844 | AB36: 2207 | AC36: 2073 | AD36: 2176 | AE36: 2143 | AF36: 2201 | AG36: 2091 | AH36: 2055 | AI36: 2642 | AJ36: 1628 | AK36: 1699 | AL36: 1582 | AM36: 1380 | AN36: 1700 | AO36: 1665 | AP36: 747 | AQ36: 1187 | AY36: 16 | AZ36: =SUM(AB36:AX36)/AY36/N36/P36 -> 0.61182242 | BA36: =A36 -> 30 | BB36: =IF(ISNUMBER(AB36),MIN(1.15,AB36/($AA36*(1-$K$3)^(BB$6-1))),"") -> 0.98831913 | BC36: =IF(ISNUMBER(AC36),MIN(1.15,AC36/($AA36*(1-$K$3)^(BC$6-1))),"") -> 0.93297733 | BD36: =IF(ISNUMBER(AD36),MIN(1.15,AD36/($AA36*(1-$K$3)^(BD$6-1))),"") -> 0.98425493 | BE36: =IF(ISNUMBER(AE36),MIN(1.15,AE36/($AA36*(1-$K$3)^(BE$6-1))),"") -> 0.97419927 | BF36: =IF(ISNUMBER(AF36),MIN(1.15,AF36/($AA36*(1-$K$3)^(BF$6-1))),"") -> 1.0055938 | BG36: =IF(ISNUMBER(AG36),MIN(1.15,AG36/($AA36*(1-$K$3)^(BG$6-1))),"") -> 0.96013765 | BH36: =IF(ISNUMBER(AH36),MIN(1.15,AH36/($AA36*(1-$K$3)^(BH$6-1))),"") -> 0.94834905 | BI36: =IF(ISNUMBER(AI36),MIN(1.15,AI36/($AA36*(1-$K$3)^(BI$6-1))),"") -> 1.15 | ... BQ36: =IF(ISNUMBER(AQ36),MIN(1.15,AQ36/($AA36*(1-$K$3)^(BQ$6-1))),"") -> 0.57305905 | BY36: =A36 -> 30 | BZ36: =$AA36*IF($K$3=0,$AY36,((1-$K$3)^$AY36-1)/-$K$3) -> 34420.26 | CA36: =SUM(AB36:AX36) -> 29176 | CB36: =CA36/BZ36 -> 0.84764031 | CC36: =ROUND(RANK(CB36,$CB$7:$CB$106,0),0) -> 58 | CD36: =I36 -> Tracker | CE36: =CF36/(CG36+CF36*AY36/2) -> -0.041477129 | CF36: {=LINEST(AB36:AQ36,AB$6:AQ$6,TRUE,FALSE)} -> -77.235294 | CG36: 2480 | CH36: =1+IF(G36="CdSCdTe",-0.0025,-0.004)*(S36-$S$4) -> 0.98585071 | DC36: =N36/O36 -> 1.2 | DD36: =D36-E36 -> 0 | DE36: =AY36+DD36 -> 16 | DT36: =SUM(AB36:AH36) -> 14946 | DU36: =IF(BB36>0,AB36/BB36,$AA36) -> 2233.0844 | DV36: =IF(BC36>0,AC36/BC36,$AA36) -> 2221.9189 | DW36: =IF(BD36>0,AD36/BD36,$AA36) -> 2210.8093 | DX36: =IF(BE36>0,AE36/BE36,$AA36) -> 2199.7553 | DY36: =IF(BF36>0,AF36/BF36,$AA36) -> 2188.7565 | DZ36: =IF(BG36>0,AG36/BG36,$AA36) -> 2177.8127 | EA36: =IF(BH36>0,AH36/BH36,$AA36) -> 2166.9237 | EB36: =DT36/SUM(DU36:EA36) -> 0.97057867 | ED36: =IF($T36="H",CB36," ") | EE36: =IF($T36="H",$CE36," ") | EF36: =IF($T36="C",CB36," ") | EG36: =IF($T36="C",CE36," ") | EI36: =IF($T36="H",$EB36," ") | EJ36: =IF($T36="C",$EB36," ") | EL36: {=LINEST($AB36:$AH36,$AB$6:$AH$6,TRUE,FALSE)} -> -14.107143 | EM36: 2191.5714 | EN36: =EL36/(EL36*($AB$6+$AH$6)*0.5+EM36) -> -0.006607119 | EO36: {=LINEST($AH36:$AQ36,$AH$6:$AQ$6,TRUE,FALSE)} -> -127.82424 | EP36: 3098.4788 | EQ36: =EO36/(EO36*(AY36/2+7/2)+EP36) -> -0.078492013 | ES36: =($EM36+$EL36*ES$6-AB36)^2 -> 872.35842 | ET36: =($EM36+$EL36*ET$6-AC36)^2 -> 8164.4133 | EU36: =($EM36+$EL36*EU$6-AD36)^2 -> 715.5625 | EV36: =($EM36+$EL36*EV$6-AE36)^2 -> 61.734694 | EW36: =($EM36+$EL36*EW$6-AF36)^2 -> 6394.287 | EX36: =($EM36+$EL36*EX$6-AG36)^2 -> 253.71939 | EY36: =($EM36+$EL36*EY$6-AH36)^2 -> 1430.4605 | EZ36: =($EP36+$EO36*EZ$6-AI36)^2 -> 320486.36 | FA36: =($EP36+$EO36*FA$6-AJ36)^2 -> 102438.79 | FB36: =($EP36+$EO36*FB$6-AK36)^2 -> 14698.256 | FC36: =($EP36+$EO36*FC$6-AL36)^2 -> 12190.837 | FD36: =($EP36+$EO36*FD$6-AM36)^2 -> 34072.685 | FE36: =($EP36+$EO36*FE$6-AN36)^2 -> 69293.383 | FF36: =($EP36+$EO36*FF$6-AO36)^2 -> 126779.16 | FG36: =($EP36+$EO36*FG$6-AP36)^2 -> 188455.96 | FH36: =($EP36+$EO36*FH$6-AQ36)^2 -> 17878.121 | FQ36: =SQRT(AVERAGE(ES36:FH36))/AVERAGE(AB36:AQ36) -> 0.13036564 | FR36: 0.033 | FS36: =FR36/FQ36 -> 0.25313418 | FV36: =SQRT(AVERAGE(ES36:EY36))/AVERAGE(AB36:AH36) -> 0.023678816 | FW36: =FR36/FV36 -> 1.3936507
A37: =A36+1 -> 31 | B37: 57007 | C37: SunE Ironwood | D37: 2009 | E37: 2009 | F37: IPP Non-CHP | G37: c-Si | H37: SunEdison | I37: Tracker | J37: 0 | K37: CA | L37: 33.56336 | M37: -114.9192 | N37: 1.2 | O37: 1 | P37: =365.25*8.4 -> 3068.1 | Q37: Daggett | R37: 19.8 | S37: =R37+11.448+2.715*IF($I37="Tracker",P37*0.95,P37)/365.25 -> 52.9137 | T37: =IF(S37>=50,"H",IF(S37>=40,"M","C")) -> H | U37: 2138 | V37: 489 | W37: 0.696 | X37: =V37/U37 -> 0.22871843 | Y37: =MAX(0,IF($I37="Tracker",P37*0.95,P37)*(N37/O37)*0.0000994+0.3284*X37-0.358) -> 0.064775951 | Z37: =EXP(-12.9*Y37) -> 0.43361 | AA37: =N37*P37*INDEX($C$3:$D$4,MATCH(I37,$C$3:$C$4,0),2)*CH37 -> 2669.7958 | AB37: 2578 | AC37: 2615 | AD37: 2678 | AE37: 2448 | AF37: 2266 | AG37: 2292 | AH37: 2112 | AI37: 3722 | AJ37: 1627 | AK37: 2215 | AL37: 1799 | AM37: 2004 | AN37: 1711 | AO37: 425 | AP37: 1252 | AQ37: 996 | AY37: 16 | AZ37: =SUM(AB37:AX37)/AY37/N37/P37 -> 0.55578643 | BA37: =A37 -> 31 | BB37: =IF(ISNUMBER(AB37),MIN(1.15,AB37/($AA37*(1-$K$3)^(BB$6-1))),"") -> 0.96561691 | BC37: =IF(ISNUMBER(AC37),MIN(1.15,AC37/($AA37*(1-$K$3)^(BC$6-1))),"") -> 0.98439764 | BD37: =IF(ISNUMBER(AD37),MIN(1.15,AD37/($AA37*(1-$K$3)^(BD$6-1))),"") -> 1.0131794 | BE37: =IF(ISNUMBER(AE37),MIN(1.15,AE37/($AA37*(1-$K$3)^(BE$6-1))),"") -> 0.9308166 | BF37: =IF(ISNUMBER(AF37),MIN(1.15,AF37/($AA37*(1-$K$3)^(BF$6-1))),"") -> 0.86594345 | BG37: =IF(ISNUMBER(AG37),MIN(1.15,AG37/($AA37*(1-$K$3)^(BG$6-1))),"") -> 0.88028066 | BH37: =IF(ISNUMBER(AH37),MIN(1.15,AH37/($AA37*(1-$K$3)^(BH$6-1))),"") -> 0.81522479 | BI37: =IF(ISNUMBER(AI37),MIN(1.15,AI37/($AA37*(1-$K$3)^(BI$6-1))),"") -> 1.15 | ... BQ37: =IF(ISNUMBER(AQ37),MIN(1.15,AQ37/($AA37*(1-$K$3)^(BQ$6-1))),"") -> 0.40219353 | BY37: =A37 -> 31 | BZ37: =$AA37*IF($K$3=0,$AY37,((1-$K$3)^$AY37-1)/-$K$3) -> 41151.633 | CA37: =SUM(AB37:AX37) -> 32740 | CB37: =CA37/BZ37 -> 0.79559419 | CC37: =ROUND(RANK(CB37,$CB$7:$CB$106,0),0) -> 68 | CD37: =I37 -> Tracker | CE37: =CF37/(CG37+CF37*AY37/2) -> -0.055174101 | CF37: {=LINEST(AB37:AQ37,AB$6:AQ$6,TRUE,FALSE)} -> -116.10294 | CG37: 3033.125 | CH37: =1+IF(G37="CdSCdTe",-0.0025,-0.004)*(S37-$S$4) -> 0.95414351 | DC37: =N37/O37 -> 1.2 | DD37: =D37-E37 -> 0 | DE37: =AY37+DD37 -> 16 | DT37: =SUM(AB37:AH37) -> 16989 | DU37: =IF(BB37>0,AB37/BB37,$AA37) -> 2669.7958 | DV37: =IF(BC37>0,AC37/BC37,$AA37) -> 2656.4469 | DW37: =IF(BD37>0,AD37/BD37,$AA37) -> 2643.1646 | DX37: =IF(BE37>0,AE37/BE37,$AA37) -> 2629.9488 | DY37: =IF(BF37>0,AF37/BF37,$AA37) -> 2616.7991 | DZ37: =IF(BG37>0,AG37/BG37,$AA37) -> 2603.7151 | EA37: =IF(BH37>0,AH37/BH37,$AA37) -> 2590.6965 | EB37: =DT37/SUM(DU37:EA37) -> 0.92278528 | ED37: =IF($T37="H",CB37," ") -> 0.79559419 | EE37: =IF($T37="H",$CE37," ") -> -0.055174101 | EF37: =IF($T37="C",CB37," ") | EG37: =IF($T37="C",CE37," ") | EI37: =IF($T37="H",$EB37," ") -> 0.92278528 | EJ37: =IF($T37="C",$EB37," ") | EL37: {=LINEST($AB37:$AH37,$AB$6:$AH$6,TRUE,FALSE)} -> -87.714286 | EM37: 2777.8571 | EN37: =EL37/(EL37*($AB$6+$AH$6)*0.5+EM37) -> -0.036141032 | EO37: {=LINEST($AH37:$AQ37,$AH$6:$AQ$6,TRUE,FALSE)} -> -210.00606 | EP37: 4201.3697 | EQ37: =EO37/(EO37*(AY37/2+7/2)+EP37) -> -0.11756483 | ES37: =($EM37+$EL37*ES$6-AB37)^2 -> 12576.02 | ET37: =($EM37+$EL37*ET$6-AC37)^2 -> 158.04082 | EU37: =($EM37+$EL37*EU$6-AD37)^2 -> 26662.224 | EV37: =($EM37+$EL37*EV$6-AE37)^2 -> 441 | EW37: =($EM37+$EL37*EW$6-AF37)^2 -> 5370.7959 | EX37: =($EM37+$EL37*EX$6-AG37)^2 -> 1634.4694 | EY37: =($EM37+$EL37*EY$6-AH37)^2 -> 2689.1633 | EZ37: =($EP37+$EO37*EZ$6-AI37)^2 -> 1441629.6 | FA37: =($EP37+$EO37*FA$6-AJ37)^2 -> 468287.23 | FB37: =($EP37+$EO37*FB$6-AK37)^2 -> 12925.623 | FC37: =($EP37+$EO37*FC$6-AL37)^2 -> 8519.8494 | FD37: =($EP37+$EO37*FD$6-AM37)^2 -> 104137.25 | FE37: =($EP37+$EO37*FE$6-AN37)^2 -> 57460.448 | FF37: =($EP37+$EO37*FF$6-AO37)^2 -> 699372.35 | FG37: =($EP37+$EO37*FG$6-AP37)^2 -> 40289.005 | FH37: =($EP37+$EO37*FH$6-AQ37)^2 -> 23940.529 | FQ37: =SQRT(AVERAGE(ES37:FH37))/AVERAGE(AB37:AQ37) -> 0.2082745 | FR37: 0.028 | FS37: =FR37/FQ37 -> 0.13443796 | FV37: =SQRT(AVERAGE(ES37:EY37))/AVERAGE(AB37:AH37) -> 0.034659547 | FW37: =FR37/FV37 -> 0.80785822
A38: =A37+1 -> 32 | B38: 56938 | C38: SunE LV Sutton | D38: 2009 | E38: 2009 | F38: IPP Non-CHP | G38: c-Si | H38: SunEdison | I38: Tracker | J38: 0 | K38: NC | L38: 34.2867 | M38: -77.9814 | N38: 1.2 | O38: 1 | P38: =365.25*5.9 -> 2154.975 | Q38: Wilmington NC | R38: 12.3 | S38: =R38+11.448+2.715*IF($I38="Tracker",P38*0.95,P38)/365.25 -> 38.965575 | T38: =IF(S38>=50,"H",IF(S38>=40,"M","C")) -> C | U38: 1632.6 | V38: 720 | W38: 0.528 | X38: =V38/U38 -> 0.44101433 | Y38: =MAX(0,IF($I38="Tracker",P38*0.95,P38)*(N38/O38)*0.0000994+0.3284*X38-0.358) -> 0.031022254 | Z38: =EXP(-12.9*Y38) -> 0.67019466 | AA38: =N38*P38*INDEX($C$3:$D$4,MATCH(I38,$C$3:$C$4,0),2)*CH38 -> 1984.8648 | AB38: 1466 | AC38: 1999 | AD38: 1955 | AE38: 1865 | AF38: 1683 | AG38: 1920 | AH38: 1823 | AI38: 1216 | AJ38: 1519 | AK38: 936 | AL38: 1736 | AM38: 1452 | AN38: 1330 | AO38: 334 | AP38: 1153 | AQ38: 1122 | AY38: 16 | AZ38: =SUM(AB38:AX38)/AY38/N38/P38 -> 0.56818621 | BA38: =A38 -> 32 | BB38: =IF(ISNUMBER(AB38),MIN(1.15,AB38/($AA38*(1-$K$3)^(BB$6-1))),"") -> 0.73858934 | BC38: =IF(ISNUMBER(AC38),MIN(1.15,AC38/($AA38*(1-$K$3)^(BC$6-1))),"") -> 1.0121824 | BD38: =IF(ISNUMBER(AD38),MIN(1.15,AD38/($AA38*(1-$K$3)^(BD$6-1))),"") -> 0.99487763 | BE38: =IF(ISNUMBER(AE38),MIN(1.15,AE38/($AA38*(1-$K$3)^(BE$6-1))),"") -> 0.95384687 | BF38: =IF(ISNUMBER(AF38),MIN(1.15,AF38/($AA38*(1-$K$3)^(BF$6-1))),"") -> 0.86508914 | BG38: =IF(ISNUMBER(AG38),MIN(1.15,AG38/($AA38*(1-$K$3)^(BG$6-1))),"") -> 0.99187031 | BH38: =IF(ISNUMBER(AH38),MIN(1.15,AH38/($AA38*(1-$K$3)^(BH$6-1))),"") -> 0.94649266 | BI38: =IF(ISNUMBER(AI38),MIN(1.15,AI38/($AA38*(1-$K$3)^(BI$6-1))),"") -> 0.63451381 | ... BQ38: =IF(ISNUMBER(AQ38),MIN(1.15,AQ38/($AA38*(1-$K$3)^(BQ$6-1))),"") -> 0.60941861 | BY38: =A38 -> 32 | BZ38: =$AA38*IF($K$3=0,$AY38,((1-$K$3)^$AY38-1)/-$K$3) -> 30594.26 | CA38: =SUM(AB38:AX38) -> 23509 | CB38: =CA38/BZ38 -> 0.76841211 | CC38: =ROUND(RANK(CB38,$CB$7:$CB$106,0),0) -> 74 | CD38: =I38 -> Tracker | CE38: =CF38/(CG38+CF38*AY38/2) -> -0.04280095 | CF38: {=LINEST(AB38:AQ38,AB$6:AQ$6,TRUE,FALSE)} -> -64.263235 | CG38: 2015.55 | CH38: =1+IF(G38="CdSCdTe",-0.0025,-0.004)*(S38-$S$4) -> 1.009936 | DC38: =N38/O38 -> 1.2 | DD38: =D38-E38 -> 0 | DE38: =AY38+DD38 -> 16 | DT38: =SUM(AB38:AH38) -> 12711 | DU38: =IF(BB38>0,AB38/BB38,$AA38) -> 1984.8648 | DV38: =IF(BC38>0,AC38/BC38,$AA38) -> 1974.9405 | DW38: =IF(BD38>0,AD38/BD38,$AA38) -> 1965.0658 | DX38: =IF(BE38>0,AE38/BE38,$AA38) -> 1955.2405 | DY38: =IF(BF38>0,AF38/BF38,$AA38) -> 1945.4643 | DZ38: =IF(BG38>0,AG38/BG38,$AA38) -> 1935.7369 | EA38: =IF(BH38>0,AH38/BH38,$AA38) -> 1926.0583 | EB38: =DT38/SUM(DU38:EA38) -> 0.92866629 | ED38: =IF($T38="H",CB38," ") | EE38: =IF($T38="H",$CE38," ") | EF38: =IF($T38="C",CB38," ") -> 0.76841211 | EG38: =IF($T38="C",CE38," ") -> -0.04280095 | EI38: =IF($T38="H",$EB38," ") | EJ38: =IF($T38="C",$EB38," ") -> 0.92866629 | EL38: {=LINEST($AB38:$AH38,$AB$6:$AH$6,TRUE,FALSE)} -> 22.892857 | EM38: 1724.2857 | EN38: =EL38/(EL38*($AB$6+$AH$6)*0.5+EM38) -> 0.012607191 | EO38: {=LINEST($AH38:$AQ38,$AH$6:$AQ$6,TRUE,FALSE)} -> -71.375758 | EP38: 2082.9212 | EQ38: =EO38/(EO38*(AY38/2+7/2)+EP38) -> -0.056553171 | ES38: =($EM38+$EL38*ES$6-AB38)^2 -> 79061.389 | ET38: =($EM38+$EL38*ET$6-AC38)^2 -> 52408.291 | EU38: =($EM38+$EL38*EU$6-AD38)^2 -> 26255.573 | EV38: =($EM38+$EL38*EV$6-AE38)^2 -> 2415.0204 | EW38: =($EM38+$EL38*EW$6-AF38)^2 -> 24258.062 | EX38: =($EM38+$EL38*EX$6-AG38)^2 -> 3405.5561 | EY38: =($EM38+$EL38*EY$6-AH38)^2 -> 3786.6441 | EZ38: =($EP38+$EO38*EZ$6-AI38)^2 -> 87565.777 | FA38: =($EP38+$EO38*FA$6-AJ38)^2 -> 6156.0667 | FB38: =($EP38+$EO38*FB$6-AK38)^2 -> 187630.74 | FC38: =($EP38+$EO38*FC$6-AL38)^2 -> 192029.86 | FD38: =($EP38+$EO38*FD$6-AM38)^2 -> 50889.891 | FE38: =($EP38+$EO38*FE$6-AN38)^2 -> 30612.274 | FF38: =($EP38+$EO38*FF$6-AO38)^2 -> 561991.02 | FG38: =($EP38+$EO38*FG$6-AP38)^2 -> 19800.754 | FH38: =($EP38+$EO38*FH$6-AQ38)^2 -> 32793.917 | FQ38: =SQRT(AVERAGE(ES38:FH38))/AVERAGE(AB38:AQ38) -> 0.19850187 | FR38: 0.032 | FS38: =FR38/FQ38 -> 0.16120755 | FV38: =SQRT(AVERAGE(ES38:EY38))/AVERAGE(AB38:AH38) -> 0.091107961 | FW38: =FR38/FV38 -> 0.35123166
A39: =A38+1 -> 33 | B39: 57008 | C39: SunE Oxnard | D39: 2010 | E39: 2009 | F39: IPP Non-CHP | G39: CdSCdTe | H39: SunEdison | I39: Fixed | J39: 20 | K39: CA | L39: 34.2093 | M39: -119.1345 | N39: 1.2 | O39: 1 | P39: =365.25*5.5 -> 2008.875 | Q39: Los Angeles | R39: 17.2 | S39: =R39+11.448+2.715*IF($I39="Tracker",P39*0.95,P39)/365.25 -> 43.5805 | T39: =IF(S39>=50,"H",IF(S39>=40,"M","C")) -> M | U39: 1818 | V39: 676 | W39: 0.586 | X39: =V39/U39 -> 0.37183718 | Y39: =MAX(0,IF($I39="Tracker",P39*0.95,P39)*(N39/O39)*0.0000994+0.3284*X39-0.358) -> 0.0037299411 | Z39: =EXP(-12.9*Y39) -> 0.953023 | AA39: =N39*P39*INDEX($C$3:$D$4,MATCH(I39,$C$3:$C$4,0),2)*CH39 -> 1918.2462 | AB39: 1762 | AC39: 1726 | AD39: 1710 | AE39: 1838 | AF39: 1956 | AG39: 1923 | AH39: 1839 | AI39: 1653 | AJ39: 1629 | AK39: 1691 | AL39: 1775 | AM39: 1760 | AN39: 2684 | AO39: 1475 | AP39: 1634 | AY39: 15 | AZ39: =SUM(AB39:AX39)/AY39/N39/P39 -> 0.74820761 | BA39: =A39 -> 33 | BB39: =IF(ISNUMBER(AB39),MIN(1.15,AB39/($AA39*(1-$K$3)^(BB$6-1))),"") -> 0.91854738 | BC39: =IF(ISNUMBER(AC39),MIN(1.15,AC39/($AA39*(1-$K$3)^(BC$6-1))),"") -> 0.90430174 | BD39: =IF(ISNUMBER(AD39),MIN(1.15,AD39/($AA39*(1-$K$3)^(BD$6-1))),"") -> 0.90042098 | BE39: =IF(ISNUMBER(AE39),MIN(1.15,AE39/($AA39*(1-$K$3)^(BE$6-1))),"") -> 0.97268433 | BF39: =IF(ISNUMBER(AF39),MIN(1.15,AF39/($AA39*(1-$K$3)^(BF$6-1))),"") -> 1.0403325 | BG39: =IF(ISNUMBER(AG39),MIN(1.15,AG39/($AA39*(1-$K$3)^(BG$6-1))),"") -> 1.0279205 | BH39: =IF(ISNUMBER(AH39),MIN(1.15,AH39/($AA39*(1-$K$3)^(BH$6-1))),"") -> 0.98795895 | BI39: =IF(ISNUMBER(AI39),MIN(1.15,AI39/($AA39*(1-$K$3)^(BI$6-1))),"") -> 0.89249737 | ... BP39: =IF(ISNUMBER(AP39),MIN(1.15,AP39/($AA39*(1-$K$3)^(BP$6-1))),"") -> 0.91374408 | BY39: =A39 -> 33 | BZ39: =$AA39*IF($K$3=0,$AY39,((1-$K$3)^$AY39-1)/-$K$3) -> 27788.11 | CA39: =SUM(AB39:AX39) -> 27055 | CB39: =CA39/BZ39 -> 0.97361786 | CC39: =ROUND(RANK(CB39,$CB$7:$CB$106,0),0) -> 17 | CD39: =I39 -> Fixed | CE39: =CF39/(CG39+CF39*AY39/2) -> 0.0018610379 | CF39: {=LINEST(AB39:AP39,AB$6:AP$6,TRUE,FALSE)} -> 3.3535714 | CG39: 1776.8381 | CH39: =1+IF(G39="CdSCdTe",-0.0025,-0.004)*(S39-$S$4) -> 0.9946727 | DC39: =N39/O39 -> 1.2 | DD39: =D39-E39 -> 1 | DE39: =AY39+DD39 -> 16 | DT39: =SUM(AB39:AH39) -> 12754 | DU39: =IF(BB39>0,AB39/BB39,$AA39) -> 1918.2462 | DV39: =IF(BC39>0,AC39/BC39,$AA39) -> 1908.655 | DW39: =IF(BD39>0,AD39/BD39,$AA39) -> 1899.1117 | DX39: =IF(BE39>0,AE39/BE39,$AA39) -> 1889.6161 | DY39: =IF(BF39>0,AF39/BF39,$AA39) -> 1880.168 | DZ39: =IF(BG39>0,AG39/BG39,$AA39) -> 1870.7672 | EA39: =IF(BH39>0,AH39/BH39,$AA39) -> 1861.4134 | EB39: =DT39/SUM(DU39:EA39) -> 0.96416856 | ED39: =IF($T39="H",CB39," ") | EE39: =IF($T39="H",$CE39," ") | EF39: =IF($T39="C",CB39," ") | EG39: =IF($T39="C",CE39," ") | EI39: =IF($T39="H",$EB39," ") | EJ39: =IF($T39="C",$EB39," ") | EL39: {=LINEST($AB39:$AH39,$AB$6:$AH$6,TRUE,FALSE)} -> 31.107143 | EM39: 1697.5714 | EN39: =EL39/(EL39*($AB$6+$AH$6)*0.5+EM39) -> 0.017073075 | EO39: {=LINEST($AH39:$AP39,$AH$6:$AP$6,TRUE,FALSE)} -> 13.75 | EP39: 1642.0833 | EQ39: =EO39/(EO39*(AY39/2+7/2)+EP39) -> 0.0076672862 | ES39: =($EM39+$EL39*ES$6-AB39)^2 -> 1110.3176 | ET39: =($EM39+$EL39*ET$6-AC39)^2 -> 1141.4745 | EU39: =($EM39+$EL39*EU$6-AD39)^2 -> 6543.6543 | EV39: =($EM39+$EL39*EV$6-AE39)^2 -> 256 | EW39: =($EM39+$EL39*EW$6-AF39)^2 -> 10586.94 | EX39: =($EM39+$EL39*EX$6-AG39)^2 -> 1504.3316 | EY39: =($EM39+$EL39*EY$6-AH39)^2 -> 5824.9605 | EZ39: =($EP39+$EO39*EZ$6-AI39)^2 -> 9817.5069 | FA39: =($EP39+$EO39*FA$6-AJ39)^2 -> 18723.361 | FB39: =($EP39+$EO39*FB$6-AK39)^2 -> 7847.0069 | FC39: =($EP39+$EO39*FC$6-AL39)^2 -> 336.11111 | FD39: =($EP39+$EO39*FD$6-AM39)^2 -> 2216.8403 | FE39: =($EP39+$EO39*FE$6-AN39)^2 -> 745056.69 | FF39: =($EP39+$EO39*FF$6-AO39)^2 -> 129300.17 | FG39: =($EP39+$EO39*FG$6-AP39)^2 -> 45938.778 | FQ39: =SQRT(AVERAGE(ES39:FG39))/AVERAGE(AB39:AP39) -> 0.14216134 | FR39: 0.026 | FS39: =FR39/FQ39 -> 0.18289079 | FV39: =SQRT(AVERAGE(ES39:EY39))/AVERAGE(AB39:AH39) -> 0.034066255 | FW39: =FR39/FV39 -> 0.76321862
A40: =A39+1 -> 34 | B40: 57004 | C40: SunE Moreno Valley | D40: 2009 | E40: 2007 | F40: IPP Non-CHP | G40: c-Si | H40: SunEdison | I40: Fixed | J40: 20 | K40: CA | L40: 33.8659 | M40: -117.2215 | N40: 1.2 | O40: 1 | P40: =365.25*5.91 -> 2158.6275 | Q40: Moreno Valley (Meteonorm) | R40: 17.3 | S40: =R40+11.448+2.715*IF($I40="Tracker",P40*0.95,P40)/365.25 -> 44.79365 | T40: =IF(S40>=50,"H",IF(S40>=40,"M","C")) -> M | U40: 1932 | V40: 579 | W40: 0.622 | X40: =V40/U40 -> 0.29968944 | Y40: =MAX(0,IF($I40="Tracker",P40*0.95,P40)*(N40/O40)*0.0000994+0.3284*X40-0.358) -> 0 | Z40: =EXP(-12.9*Y40) -> 1 | AA40: =N40*P40*INDEX($C$3:$D$4,MATCH(I40,$C$3:$C$4,0),2)*CH40 -> 2044.563 | AB40: 2008 | AC40: 1968 | AD40: 1953 | AE40: 1951 | AF40: 1855 | AG40: 1839 | AH40: 1780 | AI40: 941 | AJ40: 1191 | AK40: 1681 | AL40: 887 | AM40: 1459 | AN40: 1333 | AO40: 1074 | AP40: 1259 | AQ40: 900 | AY40: 16 | AZ40: =SUM(AB40:AX40)/AY40/N40/P40 -> 0.58097777 | BA40: =A40 -> 34 | BB40: =IF(ISNUMBER(AB40),MIN(1.15,AB40/($AA40*(1-$K$3)^(BB$6-1))),"") -> 0.98211698 | BC40: =IF(ISNUMBER(AC40),MIN(1.15,AC40/($AA40*(1-$K$3)^(BC$6-1))),"") -> 0.96738985 | BD40: =IF(ISNUMBER(AD40),MIN(1.15,AD40/($AA40*(1-$K$3)^(BD$6-1))),"") -> 0.96484065 | BE40: =IF(ISNUMBER(AE40),MIN(1.15,AE40/($AA40*(1-$K$3)^(BE$6-1))),"") -> 0.96869607 | BF40: =IF(ISNUMBER(AF40),MIN(1.15,AF40/($AA40*(1-$K$3)^(BF$6-1))),"") -> 0.92565916 | BG40: =IF(ISNUMBER(AG40),MIN(1.15,AG40/($AA40*(1-$K$3)^(BG$6-1))),"") -> 0.92228647 | BH40: =IF(ISNUMBER(AH40),MIN(1.15,AH40/($AA40*(1-$K$3)^(BH$6-1))),"") -> 0.89718299 | BI40: =IF(ISNUMBER(AI40),MIN(1.15,AI40/($AA40*(1-$K$3)^(BI$6-1))),"") -> 0.4766807 | ... BQ40: =IF(ISNUMBER(AQ40),MIN(1.15,AQ40/($AA40*(1-$K$3)^(BQ$6-1))),"") -> 0.47456512 | BY40: =A40 -> 34 | BZ40: =$AA40*IF($K$3=0,$AY40,((1-$K$3)^$AY40-1)/-$K$3) -> 31514.434 | CA40: =SUM(AB40:AX40) -> 24079 | CB40: =CA40/BZ40 -> 0.76406259 | CC40: =ROUND(RANK(CB40,$CB$7:$CB$106,0),0) -> 75 | CD40: =I40 -> Fixed | CE40: =CF40/(CG40+CF40*AY40/2) -> -0.046433027 | CF40: {=LINEST(AB40:AQ40,AB$6:AQ$6,TRUE,FALSE)} -> -71.539706 | CG40: 2113.025 | CH40: =1+IF(G40="CdSCdTe",-0.0025,-0.004)*(S40-$S$4) -> 0.98662371 | DC40: =N40/O40 -> 1.2 | DD40: =D40-E40 -> 2 | DE40: =AY40+DD40 -> 18 | DT40: =SUM(AB40:AH40) -> 13354 | DU40: =IF(BB40>0,AB40/BB40,$AA40) -> 2044.563 | DV40: =IF(BC40>0,AC40/BC40,$AA40) -> 2034.3401 | DW40: =IF(BD40>0,AD40/BD40,$AA40) -> 2024.1684 | DX40: =IF(BE40>0,AE40/BE40,$AA40) -> 2014.0476 | DY40: =IF(BF40>0,AF40/BF40,$AA40) -> 2003.9774 | DZ40: =IF(BG40>0,AG40/BG40,$AA40) -> 1993.9575 | EA40: =IF(BH40>0,AH40/BH40,$AA40) -> 1983.9877 | EB40: =DT40/SUM(DU40:EA40) -> 0.94715658 | ED40: =IF($T40="H",CB40," ") | EE40: =IF($T40="H",$CE40," ") | EF40: =IF($T40="C",CB40," ") | EG40: =IF($T40="C",CE40," ") | EI40: =IF($T40="H",$EB40," ") | EJ40: =IF($T40="C",$EB40," ") | EL40: {=LINEST($AB40:$AH40,$AB$6:$AH$6,TRUE,FALSE)} -> -37.142857 | EM40: 2056.2857 | EN40: =EL40/(EL40*($AB$6+$AH$6)*0.5+EM40) -> -0.019469822 | EO40: {=LINEST($AH40:$AQ40,$AH$6:$AQ$6,TRUE,FALSE)} -> -40.915152 | EP40: 1721.0242 | EQ40: =EO40/(EO40*(AY40/2+7/2)+EP40) -> -0.032719034 | ES40: =($EM40+$EL40*ES$6-AB40)^2 -> 124.16327 | ET40: =($EM40+$EL40*ET$6-AC40)^2 -> 196 | EU40: =($EM40+$EL40*EU$6-AD40)^2 -> 66.306122 | EV40: =($EM40+$EL40*EV$6-AE40)^2 -> 1873.6531 | EW40: =($EM40+$EL40*EW$6-AF40)^2 -> 242.46939 | EX40: =($EM40+$EL40*EX$6-AG40)^2 -> 31.040816 | EY40: =($EM40+$EL40*EY$6-AH40)^2 -> 265.22449 | EZ40: =($EP40+$EO40*EZ$6-AI40)^2 -> 204940.03 | FA40: =($EP40+$EO40*FA$6-AJ40)^2 -> 26175.318 | FB40: =($EP40+$EO40*FB$6-AK40)^2 -> 136254.94 | FC40: =($EP40+$EO40*FC$6-AL40)^2 -> 147423.42 | FD40: =($EP40+$EO40*FD$6-AM40)^2 -> 52421.571 | FE40: =($EP40+$EO40*FE$6-AN40)^2 -> 20699.362 | FF40: =($EP40+$EO40*FF$6-AO40)^2 -> 5507.4389 | FG40: =($EP40+$EO40*FG$6-AP40)^2 -> 23013.809 | FH40: =($EP40+$EO40*FH$6-AQ40)^2 -> 27682.909 | FQ40: =SQRT(AVERAGE(ES40:FH40))/AVERAGE(AB40:AQ40) -> 0.13361218 | FR40: 0.024 | FS40: =FR40/FQ40 -> 0.17962434 | FV40: =SQRT(AVERAGE(ES40:EY40))/AVERAGE(AB40:AH40) -> 0.01048161 | FW40: =FR40/FV40 -> 2.2897245
A41: =A40+1 -> 35 | B41: 57012 | C41: SunE Apple Valley | D41: 2010 | E41: 2009 | F41: IPP Non-CHP | G41: c-Si | H41: SunEdison | I41: Tracker | J41: 0 | K41: CA | L41: 34.5975 | M41: -117.2 | N41: 1.2 | O41: 1 | P41: =365.25*8.4 -> 3068.1 | Q41: Daggett | R41: 19.8 | S41: =R41+11.448+2.715*IF($I41="Tracker",P41*0.95,P41)/365.25 -> 52.9137 | T41: =IF(S41>=50,"H",IF(S41>=40,"M","C")) -> H | U41: 2138 | V41: 489 | W41: 0.696 | X41: =V41/U41 -> 0.22871843 | Y41: =MAX(0,IF($I41="Tracker",P41*0.95,P41)*(N41/O41)*0.0000994+0.3284*X41-0.358) -> 0.064775951 | Z41: =EXP(-12.9*Y41) -> 0.43361 | AA41: =N41*P41*INDEX($C$3:$D$4,MATCH(I41,$C$3:$C$4,0),2)*CH41 -> 2669.7958 | AB41: 2509 | AC41: 2631 | AD41: 2445 | AE41: 2619 | AF41: 2588 | AG41: 2402 | AH41: 2398 | AI41: 1628 | AJ41: 2330 | AK41: 2236 | AL41: 2305 | AM41: 1809 | AN41: 2168 | AO41: 969 | AP41: 716 | AY41: 15 | AZ41: =SUM(AB41:AX41)/AY41/N41/P41 -> 0.57496677 | BA41: =A41 -> 35 | BB41: =IF(ISNUMBER(AB41),MIN(1.15,AB41/($AA41*(1-$K$3)^(BB$6-1))),"") -> 0.93977224 | BC41: =IF(ISNUMBER(AC41),MIN(1.15,AC41/($AA41*(1-$K$3)^(BC$6-1))),"") -> 0.99042072 | BD41: =IF(ISNUMBER(AD41),MIN(1.15,AD41/($AA41*(1-$K$3)^(BD$6-1))),"") -> 0.92502752 | BE41: =IF(ISNUMBER(AE41),MIN(1.15,AE41/($AA41*(1-$K$3)^(BE$6-1))),"") -> 0.99583688 | BF41: =IF(ISNUMBER(AF41),MIN(1.15,AF41/($AA41*(1-$K$3)^(BF$6-1))),"") -> 0.98899455 | BG41: =IF(ISNUMBER(AG41),MIN(1.15,AG41/($AA41*(1-$K$3)^(BG$6-1))),"") -> 0.92252798 | BH41: =IF(ISNUMBER(AH41),MIN(1.15,AH41/($AA41*(1-$K$3)^(BH$6-1))),"") -> 0.92561982 | BI41: =IF(ISNUMBER(AI41),MIN(1.15,AI41/($AA41*(1-$K$3)^(BI$6-1))),"") -> 0.63156025 | ... BP41: =IF(ISNUMBER(AP41),MIN(1.15,AP41/($AA41*(1-$K$3)^(BP$6-1))),"") -> 0.28768144 | BY41: =A41 -> 35 | BZ41: =$AA41*IF($K$3=0,$AY41,((1-$K$3)^$AY41-1)/-$K$3) -> 38675.213 | CA41: =SUM(AB41:AX41) -> 31753 | CB41: =CA41/BZ41 -> 0.82101681 | CC41: =ROUND(RANK(CB41,$CB$7:$CB$106,0),0) -> 63 | CD41: =I41 -> Tracker | CE41: =CF41/(CG41+CF41*AY41/2) -> -0.046788614 | CF41: {=LINEST(AB41:AP41,AB$6:AP$6,TRUE,FALSE)} -> -101.41786 | CG41: 2928.2095 | CH41: =1+IF(G41="CdSCdTe",-0.0025,-0.004)*(S41-$S$4) -> 0.95414351 | DC41: =N41/O41 -> 1.2 | DD41: =D41-E41 -> 1 | DE41: =AY41+DD41 -> 16 | DT41: =SUM(AB41:AH41) -> 17592 | DU41: =IF(BB41>0,AB41/BB41,$AA41) -> 2669.7958 | DV41: =IF(BC41>0,AC41/BC41,$AA41) -> 2656.4469 | DW41: =IF(BD41>0,AD41/BD41,$AA41) -> 2643.1646 | DX41: =IF(BE41>0,AE41/BE41,$AA41) -> 2629.9488 | DY41: =IF(BF41>0,AF41/BF41,$AA41) -> 2616.7991 | DZ41: =IF(BG41>0,AG41/BG41,$AA41) -> 2603.7151 | EA41: =IF(BH41>0,AH41/BH41,$AA41) -> 2590.6965 | EB41: =DT41/SUM(DU41:EA41) -> 0.95553821 | ED41: =IF($T41="H",CB41," ") -> 0.82101681 | EE41: =IF($T41="H",$CE41," ") -> -0.046788614 | EF41: =IF($T41="C",CB41," ") | EG41: =IF($T41="C",CE41," ") | EI41: =IF($T41="H",$EB41," ") -> 0.95553821 | EJ41: =IF($T41="C",$EB41," ") | EL41: {=LINEST($AB41:$AH41,$AB$6:$AH$6,TRUE,FALSE)} -> -23.142857 | EM41: 2605.7143 | EN41: =EL41/(EL41*($AB$6+$AH$6)*0.5+EM41) -> -0.0092087312 | EO41: {=LINEST($AH41:$AP41,$AH$6:$AP$6,TRUE,FALSE)} -> -157.6 | EP41: 3573.4889 | EQ41: =EO41/(EO41*(AY41/2+7/2)+EP41) -> -0.085657346 | ES41: =($EM41+$EL41*ES$6-AB41)^2 -> 5412.7551 | ET41: =($EM41+$EL41*ET$6-AC41)^2 -> 5122.4694 | EU41: =($EM41+$EL41*EU$6-AD41)^2 -> 8333.0816 | EV41: =($EM41+$EL41*EV$6-AE41)^2 -> 11205.735 | EW41: =($EM41+$EL41*EW$6-AF41)^2 -> 9604 | EX41: =($EM41+$EL41*EX$6-AG41)^2 -> 4206.449 | EY41: =($EM41+$EL41*EY$6-AH41)^2 -> 2089.7959 | EZ41: =($EP41+$EO41*EZ$6-AI41)^2 -> 468798.87 | FA41: =($EP41+$EO41*FA$6-AJ41)^2 -> 30593.897 | FB41: =($EP41+$EO41*FB$6-AK41)^2 -> 56887.55 | FC41: =($EP41+$EO41*FC$6-AL41)^2 -> 216328.35 | FD41: =($EP41+$EO41*FD$6-AM41)^2 -> 16055.706 | FE41: =($EP41+$EO41*FE$6-AN41)^2 -> 413849.19 | FF41: =($EP41+$EO41*FF$6-AO41)^2 -> 158474.76 | FG41: =($EP41+$EO41*FG$6-AP41)^2 -> 243531.28 | FQ41: =SQRT(AVERAGE(ES41:FG41))/AVERAGE(AB41:AP41) -> 0.15669958 | FR41: 0.028 | FS41: =FR41/FQ41 -> 0.17868587 | FV41: =SQRT(AVERAGE(ES41:EY41))/AVERAGE(AB41:AH41) -> 0.032247147 | FW41: =FR41/FV41 -> 0.86829386
A42: =A41+1 -> 36 | B42: 57041 | C42: PG&E Vaca-Dixon | D42: 2010 | E42: 2009 | F42: Electric Utility | G42: c-Si | H42: PG&E | I42: Fixed | J42: 30 | K42: CA | L42: 38.4106 | M42: -121.9264 | N42: 2.6 | O42: 2 | P42: =365.25*5.5 -> 2008.875 | Q42: Sacramento | R42: 16 | S42: =R42+11.448+2.715*IF($I42="Tracker",P42*0.95,P42)/365.25 -> 42.3805 | T42: =IF(S42>=50,"H",IF(S42>=40,"M","C")) -> M | U42: 1793 | V42: 572 | W42: 0.608 | X42: =V42/U42 -> 0.3190184 | Y42: =MAX(0,IF($I42="Tracker",P42*0.95,P42)*(N42/O42)*0.0000994+0.3284*X42-0.358) -> 0.0063524717 | Z42: =EXP(-12.9*Y42) -> 0.92132089 | AA42: =N42*P42*INDEX($C$3:$D$4,MATCH(I42,$C$3:$C$4,0),2)*CH42 -> 4162.9007 | AB42: 4189 | AC42: 4345 | AD42: 4221 | AE42: 4707 | AF42: 4056 | AG42: 4425 | AH42: 4028 | AI42: 3434 | AJ42: 4069 | AK42: 3074 | AL42: 3579 | AM42: 3093 | AN42: 3941 | AO42: 3714 | AP42: 3242 | AY42: 15 | AZ42: =SUM(AB42:AX42)/AY42/N42/P42 -> 0.74179801 | BA42: =A42 -> 36 | BB42: =IF(ISNUMBER(AB42),MIN(1.15,AB42/($AA42*(1-$K$3)^(BB$6-1))),"") -> 1.0062695 | BC42: =IF(ISNUMBER(AC42),MIN(1.15,AC42/($AA42*(1-$K$3)^(BC$6-1))),"") -> 1.0489883 | BD42: =IF(ISNUMBER(AD42),MIN(1.15,AD42/($AA42*(1-$K$3)^(BD$6-1))),"") -> 1.0241726 | BE42: =IF(ISNUMBER(AE42),MIN(1.15,AE42/($AA42*(1-$K$3)^(BE$6-1))),"") -> 1.1478335 | BF42: =IF(ISNUMBER(AF42),MIN(1.15,AF42/($AA42*(1-$K$3)^(BF$6-1))),"") -> 0.99405307 | BG42: =IF(ISNUMBER(AG42),MIN(1.15,AG42/($AA42*(1-$K$3)^(BG$6-1))),"") -> 1.0899381 | BH42: =IF(ISNUMBER(AH42),MIN(1.15,AH42/($AA42*(1-$K$3)^(BH$6-1))),"") -> 0.99713721 | BI42: =IF(ISNUMBER(AI42),MIN(1.15,AI42/($AA42*(1-$K$3)^(BI$6-1))),"") -> 0.85436347 | ... BP42: =IF(ISNUMBER(AP42),MIN(1.15,AP42/($AA42*(1-$K$3)^(BP$6-1))),"") -> 0.83539876 | BY42: =A42 -> 36 | BZ42: =$AA42*IF($K$3=0,$AY42,((1-$K$3)^$AY42-1)/-$K$3) -> 60304.638 | CA42: =SUM(AB42:AX42) -> 58117 | CB42: =CA42/BZ42 -> 0.96372355 | CC42: =ROUND(RANK(CB42,$CB$7:$CB$106,0),0) -> 20 | CD42: =I42 -> Fixed | CE42: =CF42/(CG42+CF42*AY42/2) -> -0.020403598 | CF42: {=LINEST(AB42:AP42,AB$6:AP$6,TRUE,FALSE)} -> -79.867857 | CG42: 4513.4095 | CH42: =1+IF(G42="CdSCdTe",-0.0025,-0.004)*(S42-$S$4) -> 0.99627631 | DC42: =N42/O42 -> 1.3 | DD42: =D42-E42 -> 1 | DE42: =AY42+DD42 -> 16 | DT42: =SUM(AB42:AH42) -> 29971 | DU42: =IF(BB42>0,AB42/BB42,$AA42) -> 4162.9007 | DV42: =IF(BC42>0,AC42/BC42,$AA42) -> 4142.0862 | DW42: =IF(BD42>0,AD42/BD42,$AA42) -> 4121.3758 | DX42: =IF(BE42>0,AE42/BE42,$AA42) -> 4100.7689 | DY42: =IF(BF42>0,AF42/BF42,$AA42) -> 4080.2651 | DZ42: =IF(BG42>0,AG42/BG42,$AA42) -> 4059.8637 | EA42: =IF(BH42>0,AH42/BH42,$AA42) -> 4039.5644 | EB42: =DT42/SUM(DU42:EA42) -> 1.0440374 | ED42: =IF($T42="H",CB42," ") | EE42: =IF($T42="H",$CE42," ") | EF42: =IF($T42="C",CB42," ") | EG42: =IF($T42="C",CE42," ") | EI42: =IF($T42="H",$EB42," ") | EJ42: =IF($T42="C",$EB42," ") | EL42: {=LINEST($AB42:$AH42,$AB$6:$AH$6,TRUE,FALSE)} -> -17.428571 | EM42: 4351.2857 | EN42: =EL42/(EL42*($AB$6+$AH$6)*0.5+EM42) -> -0.0040706016 | EO42: {=LINEST($AH42:$AP42,$AH$6:$AP$6,TRUE,FALSE)} -> -42.35 | EP42: 4040.7389 | EQ42: =EO42/(EO42*(AY42/2+7/2)+EP42) -> -0.011846522 | ES42: =($EM42+$EL42*ES$6-AB42)^2 -> 20983.592 | ET42: =($EM42+$EL42*ET$6-AC42)^2 -> 816.32653 | EU42: =($EM42+$EL42*EU$6-AD42)^2 -> 6084 | EV42: =($EM42+$EL42*EV$6-AE42)^2 -> 180989.47 | EW42: =($EM42+$EL42*EW$6-AF42)^2 -> 43323.449 | EX42: =($EM42+$EL42*EX$6-AG42)^2 -> 31785.796 | EY42: =($EM42+$EL42*EY$6-AH42)^2 -> 40515.939 | EZ42: =($EP42+$EO42*EZ$6-AI42)^2 -> 71791.248 | FA42: =($EP42+$EO42*FA$6-AJ42)^2 -> 167617.46 | FB42: =($EP42+$EO42*FB$6-AK42)^2 -> 295108.49 | FC42: =($EP42+$EO42*FC$6-AL42)^2 -> 16.901235 | FD42: =($EP42+$EO42*FD$6-AM42)^2 -> 193194.43 | FE42: =($EP42+$EO42*FE$6-AN42)^2 -> 203230.66 | FF42: =($EP42+$EO42*FF$6-AO42)^2 -> 70841.737 | FG42: =($EP42+$EO42*FG$6-AP42)^2 -> 26728.617 | FQ42: =SQRT(AVERAGE(ES42:FG42))/AVERAGE(AB42:AP42) -> 0.077516803 | FR42: 0.032 | FS42: =FR42/FQ42 -> 0.41281372 | FV42: =SQRT(AVERAGE(ES42:EY42))/AVERAGE(AB42:AH42) -> 0.050286821 | FW42: =FR42/FV42 -> 0.63634963
A43: =A42+1 -> 37 | B43: 56922 | C43: WWRF Rifle SunE | D43: 2010 | E43: 2009 | F43: IPP Non-CHP | G43: c-Si | H43: SunEdison | I43: Tracker | J43: 0 | K43: CO | L43: 39.523 | M43: -107.813 | N43: 2.2 | O43: 1.5 | P43: =365.25*7 -> 2556.75 | Q43: Grand Junction | R43: 11.7 | S43: =R43+11.448+2.715*IF($I43="Tracker",P43*0.95,P43)/365.25 -> 41.20275 | T43: =IF(S43>=50,"H",IF(S43>=40,"M","C")) -> M | U43: 1823 | V43: 575 | W43: 0.622 | X43: =V43/U43 -> 0.31541415 | Y43: =MAX(0,IF($I43="Tracker",P43*0.95,P43)*(N43/O43)*0.0000994+0.3284*X43-0.358) -> 0.099685065 | Z43: =EXP(-12.9*Y43) -> 0.27639139 | AA43: =N43*P43*INDEX($C$3:$D$4,MATCH(I43,$C$3:$C$4,0),2)*CH43 -> 4279.1066 | AB43: 3115 | AC43: 2973 | AD43: 3174 | AE43: 2922 | AF43: 2973 | AG43: 0 | AH43: 2981 | AI43: 2809 | AJ43: 2960 | AK43: 2852 | AL43: 2744 | AM43: 1991 | AN43: 2084 | AO43: 1002 | AP43: 1699 | AY43: 15 | AZ43: =SUM(AB43:AX43)/AY43/N43/P43 -> 0.4299848 | BA43: =A43 -> 37 | BB43: =IF(ISNUMBER(AB43),MIN(1.15,AB43/($AA43*(1-$K$3)^(BB$6-1))),"") -> 0.72795568 | BC43: =IF(ISNUMBER(AC43),MIN(1.15,AC43/($AA43*(1-$K$3)^(BC$6-1))),"") -> 0.6982625 | BD43: =IF(ISNUMBER(AD43),MIN(1.15,AD43/($AA43*(1-$K$3)^(BD$6-1))),"") -> 0.74921705 | BE43: =IF(ISNUMBER(AE43),MIN(1.15,AE43/($AA43*(1-$K$3)^(BE$6-1))),"") -> 0.69319889 | BF43: =IF(ISNUMBER(AF43),MIN(1.15,AF43/($AA43*(1-$K$3)^(BF$6-1))),"") -> 0.70884205 | BG43: =IF(ISNUMBER(AG43),MIN(1.15,AG43/($AA43*(1-$K$3)^(BG$6-1))),"") -> 0 | BH43: =IF(ISNUMBER(AH43),MIN(1.15,AH43/($AA43*(1-$K$3)^(BH$6-1))),"") -> 0.71791063 | BI43: =IF(ISNUMBER(AI43),MIN(1.15,AI43/($AA43*(1-$K$3)^(BI$6-1))),"") -> 0.67988751 | ... BP43: =IF(ISNUMBER(AP43),MIN(1.15,AP43/($AA43*(1-$K$3)^(BP$6-1))),"") -> 0.42590931 | BY43: =A43 -> 37 | BZ43: =$AA43*IF($K$3=0,$AY43,((1-$K$3)^$AY43-1)/-$K$3) -> 61988.021 | CA43: =SUM(AB43:AX43) -> 36279 | CB43: =CA43/BZ43 -> 0.58525824 | CC43: =ROUND(RANK(CB43,$CB$7:$CB$106,0),0) -> 96 | CD43: =I43 -> Tracker | CE43: =CF43/(CG43+CF43*AY43/2) -> -0.037550386 | CF43: {=LINEST(AB43:AP43,AB$6:AP$6,TRUE,FALSE)} -> -92.557143 | CG43: 3159.0571 | CH43: =1+IF(G43="CdSCdTe",-0.0025,-0.004)*(S43-$S$4) -> 1.0009873 | DC43: =N43/O43 -> 1.4666667 | DD43: =D43-E43 -> 1 | DE43: =AY43+DD43 -> 16 | DT43: =SUM(AB43:AH43) -> 18138 | DU43: =IF(BB43>0,AB43/BB43,$AA43) -> 4279.1066 | DV43: =IF(BC43>0,AC43/BC43,$AA43) -> 4257.7111 | DW43: =IF(BD43>0,AD43/BD43,$AA43) -> 4236.4226 | DX43: =IF(BE43>0,AE43/BE43,$AA43) -> 4215.2404 | DY43: =IF(BF43>0,AF43/BF43,$AA43) -> 4194.1642 | DZ43: =IF(BG43>0,AG43/BG43,$AA43) -> 4279.1066 | EA43: =IF(BH43>0,AH43/BH43,$AA43) -> 4152.3275 | EB43: =DT43/SUM(DU43:EA43) -> 0.61247895 | ED43: =IF($T43="H",CB43," ") | EE43: =IF($T43="H",$CE43," ") | EF43: =IF($T43="C",CB43," ") | EG43: =IF($T43="C",CE43," ") | EI43: =IF($T43="H",$EB43," ") | EJ43: =IF($T43="C",$EB43," ") | EL43: {=LINEST($AB43:$AH43,$AB$6:$AH$6,TRUE,FALSE)} -> -233.89286 | EM43: 3526.7143 | EN43: =EL43/(EL43*($AB$6+$AH$6)*0.5+EM43) -> -0.090266292 | EO43: {=LINEST($AH43:$AP43,$AH$6:$AP$6,TRUE,FALSE)} -> -219.36667 | EP43: 4759.9222 | EQ43: =EO43/(EO43*(AY43/2+7/2)+EP43) -> -0.093471262 | ES43: =($EM43+$EL43*ES$6-AB43)^2 -> 31620.46 | ET43: =($EM43+$EL43*ET$6-AC43)^2 -> 7383.7194 | EU43: =($EM43+$EL43*EU$6-AD43)^2 -> 121776.07 | EV43: =($EM43+$EL43*EV$6-AE43)^2 -> 109466.45 | EW43: =($EM43+$EL43*EW$6-AF43)^2 -> 379148.06 | EX43: =($EM43+$EL43*EX$6-AG43)^2 -> 4508645.6 | EY43: =($EM43+$EL43*EY$6-AH43)^2 -> 1191450.2 | EZ43: =($EP43+$EO43*EZ$6-AI43)^2 -> 38411.645 | FA43: =($EP43+$EO43*FA$6-AJ43)^2 -> 30407.609 | FB43: =($EP43+$EO43*FB$6-AK43)^2 -> 81649.888 | FC43: =($EP43+$EO43*FC$6-AL43)^2 -> 157697.23 | FD43: =($EP43+$EO43*FD$6-AM43)^2 -> 18638.317 | FE43: =($EP43+$EO43*FE$6-AN43)^2 -> 30921.269 | FF43: =($EP43+$EO43*FF$6-AO43)^2 -> 471678.98 | FG43: =($EP43+$EO43*FG$6-AP43)^2 -> 52705.956 | FQ43: =SQRT(AVERAGE(ES43:FG43))/AVERAGE(AB43:AP43) -> 0.28708306 | FR43: 0.047 | FS43: =FR43/FQ43 -> 0.16371569 | FV43: =SQRT(AVERAGE(ES43:EY43))/AVERAGE(AB43:AH43) -> 0.36756069 | FW43: =FR43/FV43 -> 0.12787004
A44: =A43+1 -> 38 | B44: 57006 | C44: Woodland Walgreens SunE | D44: 2009 | E44: 2009 | F44: IPP Non-CHP | G44: c-Si | H44: SunEdison | I44: Fixed | J44: 15 | K44: CA | L44: 38.675 | M44: -121.713 | N44: 1.2 | O44: 0.9 | P44: =365.25*(4.9+(5.2-4.9)*0.625) -> 1858.2094 | Q44: Sacramento | R44: 16 | S44: =R44+11.448+2.715*IF($I44="Tracker",P44*0.95,P44)/365.25 -> 41.260562 | T44: =IF(S44>=50,"H",IF(S44>=40,"M","C")) -> M | U44: 1793 | V44: 572 | W44: 0.608 | X44: =V44/U44 -> 0.3190184 | Y44: =MAX(0,IF($I44="Tracker",P44*0.95,P44)*(N44/O44)*0.0000994+0.3284*X44-0.358) -> 0 | Z44: =EXP(-12.9*Y44) -> 1 | AA44: =N44*P44*INDEX($C$3:$D$4,MATCH(I44,$C$3:$C$4,0),2)*CH44 -> 1785.2297 | AB44: 1800 | AC44: 1681 | AD44: 1733 | AE44: 1656 | AF44: 1544 | AG44: 1586 | AH44: 1470 | AI44: 460 | AJ44: 660 | AK44: 832 | AL44: 1569 | AM44: 1346 | AN44: 1187 | AO44: 1011 | AP44: 775 | AQ44: 908 | AY44: 16 | AZ44: =SUM(AB44:AX44)/AY44/N44/P44 -> 0.56668578 | BA44: =A44 -> 38 | BB44: =IF(ISNUMBER(AB44),MIN(1.15,AB44/($AA44*(1-$K$3)^(BB$6-1))),"") -> 1.0082736 | BC44: =IF(ISNUMBER(AC44),MIN(1.15,AC44/($AA44*(1-$K$3)^(BC$6-1))),"") -> 0.94634725 | BD44: =IF(ISNUMBER(AD44),MIN(1.15,AD44/($AA44*(1-$K$3)^(BD$6-1))),"") -> 0.98052414 | BE44: =IF(ISNUMBER(AE44),MIN(1.15,AE44/($AA44*(1-$K$3)^(BE$6-1))),"") -> 0.9416662 | BF44: =IF(ISNUMBER(AF44),MIN(1.15,AF44/($AA44*(1-$K$3)^(BF$6-1))),"") -> 0.88239058 | BG44: =IF(ISNUMBER(AG44),MIN(1.15,AG44/($AA44*(1-$K$3)^(BG$6-1))),"") -> 0.91094817 | BH44: =IF(ISNUMBER(AH44),MIN(1.15,AH44/($AA44*(1-$K$3)^(BH$6-1))),"") -> 0.84856427 | BI44: =IF(ISNUMBER(AI44),MIN(1.15,AI44/($AA44*(1-$K$3)^(BI$6-1))),"") -> 0.26687148 | ... BQ44: =IF(ISNUMBER(AQ44),MIN(1.15,AQ44/($AA44*(1-$K$3)^(BQ$6-1))),"") -> 0.54833444 | BY44: =A44 -> 38 | BZ44: =$AA44*IF($K$3=0,$AY44,((1-$K$3)^$AY44-1)/-$K$3) -> 27517.13 | CA44: =SUM(AB44:AX44) -> 20218 | CB44: =CA44/BZ44 -> 0.73474233 | CC44: =ROUND(RANK(CB44,$CB$7:$CB$106,0),0) -> 81 | CD44: =I44 -> Fixed | CE44: =CF44/(CG44+CF44*AY44/2) -> -0.046054771 | CF44: {=LINEST(AB44:AQ44,AB$6:AQ$6,TRUE,FALSE)} -> -59.567647 | CG44: 1769.95 | CH44: =1+IF(G44="CdSCdTe",-0.0025,-0.004)*(S44-$S$4) -> 1.0007561 | DC44: =N44/O44 -> 1.3333333 | DD44: =D44-E44 -> 0 | DE44: =AY44+DD44 -> 16 | DT44: =SUM(AB44:AH44) -> 11470 | DU44: =IF(BB44>0,AB44/BB44,$AA44) -> 1785.2297 | DV44: =IF(BC44>0,AC44/BC44,$AA44) -> 1776.3036 | DW44: =IF(BD44>0,AD44/BD44,$AA44) -> 1767.4221 | DX44: =IF(BE44>0,AE44/BE44,$AA44) -> 1758.5849 | DY44: =IF(BF44>0,AF44/BF44,$AA44) -> 1749.792 | DZ44: =IF(BG44>0,AG44/BG44,$AA44) -> 1741.0431 | EA44: =IF(BH44>0,AH44/BH44,$AA44) -> 1732.3378 | EB44: =DT44/SUM(DU44:EA44) -> 0.93170881 | ED44: =IF($T44="H",CB44," ") | EE44: =IF($T44="H",$CE44," ") | EF44: =IF($T44="C",CB44," ") | EG44: =IF($T44="C",CE44," ") | EI44: =IF($T44="H",$EB44," ") | EJ44: =IF($T44="C",$EB44," ") | EL44: {=LINEST($AB44:$AH44,$AB$6:$AH$6,TRUE,FALSE)} -> -48.892857 | EM44: 1834.1429 | EN44: =EL44/(EL44*($AB$6+$AH$6)*0.5+EM44) -> -0.02983871 | EO44: {=LINEST($AH44:$AQ44,$AH$6:$AQ$6,TRUE,FALSE)} -> -1.5515152 | EP44: 1039.6424 | EQ44: =EO44/(EO44*(AY44/2+7/2)+EP44) -> -0.0015184137 | ES44: =($EM44+$EL44*ES$6-AB44)^2 -> 217.5625 | ET44: =($EM44+$EL44*ET$6-AC44)^2 -> 3064.4133 | EU44: =($EM44+$EL44*EU$6-AD44)^2 -> 2073.5013 | EV44: =($EM44+$EL44*EV$6-AE44)^2 -> 303.7551 | EW44: =($EM44+$EL44*EW$6-AF44)^2 -> 2086.5319 | EX44: =($EM44+$EL44*EX$6-AG44)^2 -> 2044.3316 | EY44: =($EM44+$EL44*EY$6-AH44)^2 -> 479.29719 | EZ44: =($EP44+$EO44*EZ$6-AI44)^2 -> 321750.22 | FA44: =($EP44+$EO44*FA$6-AJ44)^2 -> 133720.98 | FB44: =($EP44+$EO44*FB$6-AK44)^2 -> 36912.889 | FC44: =($EP44+$EO44*FC$6-AL44)^2 -> 298579.45 | FD44: =($EP44+$EO44*FD$6-AM44)^2 -> 105609.24 | FE44: =($EP44+$EO44*FE$6-AN44)^2 -> 28065.387 | FF44: =($EP44+$EO44*FF$6-AO44)^2 -> 47.903177 | FG44: =($EP44+$EO44*FG$6-AP44)^2 -> 58259.331 | FH44: =($EP44+$EO44*FH$6-AQ44)^2 -> 11410.124 | FQ44: =SQRT(AVERAGE(ES44:FH44))/AVERAGE(AB44:AQ44) -> 0.19830048 | FR44: 0.028 | FS44: =FR44/FQ44 -> 0.14119986 | FV44: =SQRT(AVERAGE(ES44:EY44))/AVERAGE(AB44:AH44) -> 0.023375343 | FW44: =FR44/FV44 -> 1.1978434
A45: =A44+1 -> 39 | B45: 54569 | C45: Bayville Central | D45: 2010 | E45: 2007 | F45: Commercial CHP | G45: c-Si | H45: Unknown | I45: Fixed | J45: 10 | K45: NJ | L45: 39.909 | M45: -74.178 | N45: 0.28 | O45: 0.5 | P45: =365.25*4.3 -> 1570.575 | Q45: Atlantic City | R45: 11.7 | S45: =R45+11.448+2.715*IF($I45="Tracker",P45*0.95,P45)/365.25 -> 34.8225 | T45: =IF(S45>=50,"H",IF(S45>=40,"M","C")) -> C | U45: 1486 | V45: 672 | W45: 0.509 | X45: =V45/U45 -> 0.45222073 | Y45: =MAX(0,IF($I45="Tracker",P45*0.95,P45)*(N45/O45)*0.0000994+0.3284*X45-0.358) -> 0 | Z45: =EXP(-12.9*Y45) -> 1 | AA45: =N45*P45*INDEX($C$3:$D$4,MATCH(I45,$C$3:$C$4,0),2)*CH45 -> 361.13466 | AB45: 217 | AC45: 229 | AD45: 247 | AE45: 240 | AF45: 249 | AG45: 278 | AH45: 294 | AI45: 233 | AJ45: 217 | AK45: 91 | AL45: 96 | AM45: 239 | AN45: 218 | AO45: 185 | AP45: 173 | AY45: 15 | AZ45: =SUM(AB45:AX45)/AY45/N45/P45 -> 0.48602157 | BA45: =A45 -> 39 | BB45: =IF(ISNUMBER(AB45),MIN(1.15,AB45/($AA45*(1-$K$3)^(BB$6-1))),"") -> 0.6008839 | BC45: =IF(ISNUMBER(AC45),MIN(1.15,AC45/($AA45*(1-$K$3)^(BC$6-1))),"") -> 0.63729899 | BD45: =IF(ISNUMBER(AD45),MIN(1.15,AD45/($AA45*(1-$K$3)^(BD$6-1))),"") -> 0.6908466 | BE45: =IF(ISNUMBER(AE45),MIN(1.15,AE45/($AA45*(1-$K$3)^(BE$6-1))),"") -> 0.67464115 | BF45: =IF(ISNUMBER(AF45),MIN(1.15,AF45/($AA45*(1-$K$3)^(BF$6-1))),"") -> 0.70345749 | BG45: =IF(ISNUMBER(AG45),MIN(1.15,AG45/($AA45*(1-$K$3)^(BG$6-1))),"") -> 0.78933293 | BH45: =IF(ISNUMBER(AH45),MIN(1.15,AH45/($AA45*(1-$K$3)^(BH$6-1))),"") -> 0.83895695 | BI45: =IF(ISNUMBER(AI45),MIN(1.15,AI45/($AA45*(1-$K$3)^(BI$6-1))),"") -> 0.6682288 | ... BP45: =IF(ISNUMBER(AP45),MIN(1.15,AP45/($AA45*(1-$K$3)^(BP$6-1))),"") -> 0.51387064 | BY45: =A45 -> 39 | BZ45: =$AA45*IF($K$3=0,$AY45,((1-$K$3)^$AY45-1)/-$K$3) -> 5231.4711 | CA45: =SUM(AB45:AX45) -> 3206 | CB45: =CA45/BZ45 -> 0.61282953 | CC45: =ROUND(RANK(CB45,$CB$7:$CB$106,0),0) -> 95 | CD45: =I45 -> Fixed | CE45: =CF45/(CG45+CF45*AY45/2) -> -0.026887201 | CF45: {=LINEST(AB45:AP45,AB$6:AP$6,TRUE,FALSE)} -> -5.825 | CG45: 260.33333 | CH45: =1+IF(G45="CdSCdTe",-0.0025,-0.004)*(S45-$S$4) -> 1.0265083 | DC45: =N45/O45 -> 0.56 | DD45: =D45-E45 -> 3 | DE45: =AY45+DD45 -> 18 | DT45: =SUM(AB45:AH45) -> 1754 | DU45: =IF(BB45>0,AB45/BB45,$AA45) -> 361.13466 | DV45: =IF(BC45>0,AC45/BC45,$AA45) -> 359.32898 | DW45: =IF(BD45>0,AD45/BD45,$AA45) -> 357.53234 | DX45: =IF(BE45>0,AE45/BE45,$AA45) -> 355.74468 | DY45: =IF(BF45>0,AF45/BF45,$AA45) -> 353.96595 | DZ45: =IF(BG45>0,AG45/BG45,$AA45) -> 352.19612 | EA45: =IF(BH45>0,AH45/BH45,$AA45) -> 350.43514 | EB45: =DT45/SUM(DU45:EA45) -> 0.7043221 | ED45: =IF($T45="H",CB45," ") | EE45: =IF($T45="H",$CE45," ") | EF45: =IF($T45="C",CB45," ") -> 0.61282953 | EG45: =IF($T45="C",CE45," ") -> -0.026887201 | EI45: =IF($T45="H",$EB45," ") | EJ45: =IF($T45="C",$EB45," ") -> 0.7043221 | EL45: {=LINEST($AB45:$AH45,$AB$6:$AH$6,TRUE,FALSE)} -> 11.821429 | EM45: 203.28571 | EN45: =EL45/(EL45*($AB$6+$AH$6)*0.5+EM45) -> 0.047177879 | EO45: {=LINEST($AH45:$AP45,$AH$6:$AP$6,TRUE,FALSE)} -> -7.9666667 | EP45: 281.63333 | EQ45: =EO45/(EO45*(AY45/2+7/2)+EP45) -> -0.041065292 | ES45: =($EM45+$EL45*ES$6-AB45)^2 -> 3.5829082 | ET45: =($EM45+$EL45*ET$6-AC45)^2 -> 4.2908163 | EU45: =($EM45+$EL45*EU$6-AD45)^2 -> 68.0625 | EV45: =($EM45+$EL45*EV$6-AE45)^2 -> 111.7551 | EW45: =($EM45+$EL45*EW$6-AF45)^2 -> 179.36862 | EX45: =($EM45+$EL45*EX$6-AG45)^2 -> 14.331633 | EY45: =($EM45+$EL45*EY$6-AH45)^2 -> 63.429847 | EZ45: =($EP45+$EO45*EZ$6-AI45)^2 -> 228.01 | FA45: =($EP45+$EO45*FA$6-AJ45)^2 -> 49.937778 | FB45: =($EP45+$EO45*FB$6-AK45)^2 -> 12313.601 | FC45: =($EP45+$EO45*FC$6-AL45)^2 -> 9604 | FD45: =($EP45+$EO45*FD$6-AM45)^2 -> 2805.4678 | FE45: =($EP45+$EO45*FE$6-AN45)^2 -> 1594.6711 | FF45: =($EP45+$EO45*FF$6-AO45)^2 -> 222.01 | FG45: =($EP45+$EO45*FG$6-AP45)^2 -> 118.08444 | FQ45: =SQRT(AVERAGE(ES45:FG45))/AVERAGE(AB45:AP45) -> 0.19989578 | FR45: 0.0275 | FS45: =FR45/FQ45 -> 0.13757169 | FV45: =SQRT(AVERAGE(ES45:EY45))/AVERAGE(AB45:AH45) -> 0.031813561 | FW45: =FR45/FV45 -> 0.86441125
A46: =A45+1 -> 40 | B46: 57197 | C46: Blue Wing | D46: 2011 | E46: 2010 | F46: IPP Non-CHP | G46: CdSCdTe | H46: First Solar | I46: Fixed | J46: 20 | K46: TX | L46: 29.304 | M46: -98.4 | N46: 16.7 | O46: 13.9 | P46: =365.25*(5.3+(5.4-5.3)*0.6) -> 1957.74 | Q46: San Antonio | R46: 20.3 | S46: =R46+11.448+2.715*IF($I46="Tracker",P46*0.95,P46)/365.25 -> 46.3004 | T46: =IF(S46>=50,"H",IF(S46>=40,"M","C")) -> M | U46: 1815 | V46: 758 | W46: 0.56 | X46: =V46/U46 -> 0.41763085 | Y46: =MAX(0,IF($I46="Tracker",P46*0.95,P46)*(N46/O46)*0.0000994+0.3284*X46-0.358) -> 0.012949199 | Z46: =EXP(-12.9*Y46) -> 0.84616182 | AA46: =N46*P46*INDEX($C$3:$D$4,MATCH(I46,$C$3:$C$4,0),2)*CH46 -> 25838.218 | AB46: 28639 | AC46: 25193 | AD46: 23688 | AE46: 23141 | AF46: 21969 | AG46: 23182 | AH46: 22594 | AI46: 21795 | AJ46: 21717 | AK46: 20442 | AL46: 19846 | AM46: 21319 | AN46: 17787 | AO46: 19079 | AY46: 14 | AZ46: =SUM(AB46:AX46)/AY46/N46/P46 -> 0.67812476 | BA46: =A46 -> 40 | BB46: =IF(ISNUMBER(AB46),MIN(1.15,AB46/($AA46*(1-$K$3)^(BB$6-1))),"") -> 1.1083969 | BC46: =IF(ISNUMBER(AC46),MIN(1.15,AC46/($AA46*(1-$K$3)^(BC$6-1))),"") -> 0.97992817 | BD46: =IF(ISNUMBER(AD46),MIN(1.15,AD46/($AA46*(1-$K$3)^(BD$6-1))),"") -> 0.92601851 | BE46: =IF(ISNUMBER(AE46),MIN(1.15,AE46/($AA46*(1-$K$3)^(BE$6-1))),"") -> 0.90918093 | BF46: =IF(ISNUMBER(AF46),MIN(1.15,AF46/($AA46*(1-$K$3)^(BF$6-1))),"") -> 0.86747187 | BG46: =IF(ISNUMBER(AG46),MIN(1.15,AG46/($AA46*(1-$K$3)^(BG$6-1))),"") -> 0.91996845 | BH46: =IF(ISNUMBER(AH46),MIN(1.15,AH46/($AA46*(1-$K$3)^(BH$6-1))),"") -> 0.9011396 | BI46: =IF(ISNUMBER(AI46),MIN(1.15,AI46/($AA46*(1-$K$3)^(BI$6-1))),"") -> 0.87364047 | ... BO46: =IF(ISNUMBER(AO46),MIN(1.15,AO46/($AA46*(1-$K$3)^(BO$6-1))),"") -> 0.78812117 | BY46: =A46 -> 40 | BZ46: =$AA46*IF($K$3=0,$AY46,((1-$K$3)^$AY46-1)/-$K$3) -> 350210.59 | CA46: =SUM(AB46:AX46) -> 310391 | CB46: =CA46/BZ46 -> 0.88629814 | CC46: =ROUND(RANK(CB46,$CB$7:$CB$106,0),0) -> 44 | CD46: =I46 -> Fixed | CE46: =CF46/(CG46+CF46*AY46/2) -> -0.025732084 | CF46: {=LINEST(AB46:AO46,AB$6:AO$6,TRUE,FALSE)} -> -577.93626 | CG46: 26505.308 | CH46: =1+IF(G46="CdSCdTe",-0.0025,-0.004)*(S46-$S$4) -> 0.98787295 | DC46: =N46/O46 -> 1.2014388 | DD46: =D46-E46 -> 1 | DE46: =AY46+DD46 -> 15 | DT46: =SUM(AB46:AH46) -> 168406 | DU46: =IF(BB46>0,AB46/BB46,$AA46) -> 25838.218 | DV46: =IF(BC46>0,AC46/BC46,$AA46) -> 25709.027 | DW46: =IF(BD46>0,AD46/BD46,$AA46) -> 25580.482 | DX46: =IF(BE46>0,AE46/BE46,$AA46) -> 25452.58 | DY46: =IF(BF46>0,AF46/BF46,$AA46) -> 25325.317 | DZ46: =IF(BG46>0,AG46/BG46,$AA46) -> 25198.69 | EA46: =IF(BH46>0,AH46/BH46,$AA46) -> 25072.697 | EB46: =DT46/SUM(DU46:EA46) -> 0.94516121 | ED46: =IF($T46="H",CB46," ") | EE46: =IF($T46="H",$CE46," ") | EF46: =IF($T46="C",CB46," ") | EG46: =IF($T46="C",CE46," ") | EI46: =IF($T46="H",$EB46," ") | EJ46: =IF($T46="C",$EB46," ") | EL46: {=LINEST($AB46:$AH46,$AB$6:$AH$6,TRUE,FALSE)} -> -852.71429 | EM46: 27468.857 | EN46: =EL46/(EL46*($AB$6+$AH$6)*0.5+EM46) -> -0.035444105 | EO46: {=LINEST($AH46:$AO46,$AH$6:$AO$6,TRUE,FALSE)} -> -552.79762 | EP46: 26376.75 | EQ46: =EO46/(EO46*(AY46/2+7/2)+EP46) -> -0.02687087 | ES46: =($EM46+$EL46*ES$6-AB46)^2 -> 4091951 | ET46: =($EM46+$EL46*ET$6-AC46)^2 -> 325388.76 | EU46: =($EM46+$EL46*EU$6-AD46)^2 -> 1495030.2 | EV46: =($EM46+$EL46*EV$6-AE46)^2 -> 840889 | EW46: =($EM46+$EL46*EW$6-AF46)^2 -> 1528402.4 | EX46: =($EM46+$EL46*EX$6-AG46)^2 -> 687951.76 | EY46: =($EM46+$EL46*EY$6-AH46)^2 -> 1197148.6 | EZ46: =($EP46+$EO46*EZ$6-AI46)^2 -> 25398.493 | FA46: =($EP46+$EO46*FA$6-AJ46)^2 -> 99495.184 | FB46: =($EP46+$EO46*FB$6-AK46)^2 -> 165464.93 | FC46: =($EP46+$EO46*FC$6-AL46)^2 -> 202478.57 | FD46: =($EP46+$EO46*FD$6-AM46)^2 -> 2483213.2 | FE46: =($EP46+$EO46*FE$6-AN46)^2 -> 1969478.1 | FF46: =($EP46+$EO46*FF$6-AO46)^2 -> 194848.67 | FQ46: =SQRT(AVERAGE(ES46:FF46))/AVERAGE(AB46:AO46) -> 0.047163053 | FR46: 0.024 | FS46: =FR46/FQ46 -> 0.50887291 | FV46: =SQRT(AVERAGE(ES46:EY46))/AVERAGE(AB46:AH46) -> 0.050093662 | FW46: =FR46/FV46 -> 0.47910253
A47: =A46+1 -> 41 | B47: 57205 | C47: Copper Mtn 48 (FS) | D47: 2011 | E47: 2010 | F47: IPP Non-CHP | G47: CdSCdTe | H47: First Solar | I47: Fixed | J47: 24 | K47: NV | L47: 35.7814 | M47: -114.993 | N47: 60.5 | O47: 48 | P47: =365.25*6.4 -> 2337.6 | Q47: Las Vegas | R47: 19.5 | S47: =R47+11.448+2.715*IF($I47="Tracker",P47*0.95,P47)/365.25 -> 48.324 | T47: =IF(S47>=50,"H",IF(S47>=40,"M","C")) -> M | U47: 2078 | V47: 550 | W47: 0.684 | X47: =V47/U47 -> 0.26467757 | Y47: =MAX(0,IF($I47="Tracker",P47*0.95,P47)*(N47/O47)*0.0000994+0.3284*X47-0.358) -> 0.021787305 | Z47: =EXP(-12.9*Y47) -> 0.75498587 | AA47: =N47*P47*INDEX($C$3:$D$4,MATCH(I47,$C$3:$C$4,0),2)*CH47 -> 111195.41 | AB47: 108044 | AC47: 106378 | AD47: 105251 | AE47: 103456 | AF47: 101936 | AG47: 98291 | AH47: 101204 | AI47: 100205 | AJ47: 97974 | AK47: 100294 | AL47: 94345 | AM47: 98100 | AN47: 93271 | AO47: 94346 | AY47: 14 | AZ47: =SUM(AB47:AX47)/AY47/N47/P47 -> 0.70865274 | BA47: =A47 -> 41 | BB47: =IF(ISNUMBER(AB47),MIN(1.15,AB47/($AA47*(1-$K$3)^(BB$6-1))),"") -> 0.97165879 | BC47: =IF(ISNUMBER(AC47),MIN(1.15,AC47/($AA47*(1-$K$3)^(BC$6-1))),"") -> 0.96148358 | BD47: =IF(ISNUMBER(AD47),MIN(1.15,AD47/($AA47*(1-$K$3)^(BD$6-1))),"") -> 0.95607772 | BE47: =IF(ISNUMBER(AE47),MIN(1.15,AE47/($AA47*(1-$K$3)^(BE$6-1))),"") -> 0.9444948 | BF47: =IF(ISNUMBER(AF47),MIN(1.15,AF47/($AA47*(1-$K$3)^(BF$6-1))),"") -> 0.93529453 | BG47: =IF(ISNUMBER(AG47),MIN(1.15,AG47/($AA47*(1-$K$3)^(BG$6-1))),"") -> 0.90638243 | BH47: =IF(ISNUMBER(AH47),MIN(1.15,AH47/($AA47*(1-$K$3)^(BH$6-1))),"") -> 0.93793409 | BI47: =IF(ISNUMBER(AI47),MIN(1.15,AI47/($AA47*(1-$K$3)^(BI$6-1))),"") -> 0.93334232 | ... BO47: =IF(ISNUMBER(AO47),MIN(1.15,AO47/($AA47*(1-$K$3)^(BO$6-1))),"") -> 0.90560033 | BY47: =A47 -> 41 | BZ47: =$AA47*IF($K$3=0,$AY47,((1-$K$3)^$AY47-1)/-$K$3) -> 1507140 | CA47: =SUM(AB47:AX47) -> 1403095 | CB47: =CA47/BZ47 -> 0.93096529 | CC47: =ROUND(RANK(CB47,$CB$7:$CB$106,0),0) -> 28 | CD47: =I47 -> Fixed | CE47: =CF47/(CG47+CF47*AY47/2) -> -0.01004884 | CF47: {=LINEST(AB47:AO47,AB$6:AO$6,TRUE,FALSE)} -> -1012.1912 | CG47: 107812.51 | CH47: =1+IF(G47="CdSCdTe",-0.0025,-0.004)*(S47-$S$4) -> 0.98281395 | DC47: =N47/O47 -> 1.2604167 | DD47: =D47-E47 -> 1 | DE47: =AY47+DD47 -> 15 | DT47: =SUM(AB47:AH47) -> 724560 | DU47: =IF(BB47>0,AB47/BB47,$AA47) -> 111195.41 | DV47: =IF(BC47>0,AC47/BC47,$AA47) -> 110639.44 | DW47: =IF(BD47>0,AD47/BD47,$AA47) -> 110086.24 | DX47: =IF(BE47>0,AE47/BE47,$AA47) -> 109535.81 | DY47: =IF(BF47>0,AF47/BF47,$AA47) -> 108988.13 | DZ47: =IF(BG47>0,AG47/BG47,$AA47) -> 108443.19 | EA47: =IF(BH47>0,AH47/BH47,$AA47) -> 107900.97 | EB47: =DT47/SUM(DU47:EA47) -> 0.94492726 | ED47: =IF($T47="H",CB47," ") | EE47: =IF($T47="H",$CE47," ") | EF47: =IF($T47="C",CB47," ") | EG47: =IF($T47="C",CE47," ") | EI47: =IF($T47="H",$EB47," ") | EJ47: =IF($T47="C",$EB47," ") | EL47: {=LINEST($AB47:$AH47,$AB$6:$AH$6,TRUE,FALSE)} -> -1428.8929 | EM47: 109224.14 | EN47: =EL47/(EL47*($AB$6+$AH$6)*0.5+EM47) -> -0.013804585 | EO47: {=LINEST($AH47:$AO47,$AH$6:$AO$6,TRUE,FALSE)} -> -1050.5595 | EP47: 108498.25 | EQ47: =EO47/(EO47*(AY47/2+7/2)+EP47) -> -0.010778576 | ES47: =($EM47+$EL47*ES$6-AB47)^2 -> 61876.562 | ET47: =($EM47+$EL47*ET$6-AC47)^2 -> 135.55612 | EU47: =($EM47+$EL47*EU$6-AD47)^2 -> 98304.644 | EV47: =($EM47+$EL47*EV$6-AE47)^2 -> 2763.7551 | EW47: =($EM47+$EL47*EW$6-AF47)^2 -> 20643.532 | EX47: =($EM47+$EL47*EX$6-AG47)^2 -> 5568588.6 | EY47: =($EM47+$EL47*EY$6-AH47)^2 -> 3928748.7 | EZ47: =($EP47+$EO47*EZ$6-AI47)^2 -> 12371.265 | FA47: =($EP47+$EO47*FA$6-AJ47)^2 -> 1143219.2 | FB47: =($EP47+$EO47*FB$6-AK47)^2 -> 5296189.9 | FC47: =($EP47+$EO47*FC$6-AL47)^2 -> 6744903.7 | FD47: =($EP47+$EO47*FD$6-AM47)^2 -> 4877314.5 | FE47: =($EP47+$EO47*FE$6-AN47)^2 -> 2464825.2 | FF47: =($EP47+$EO47*FF$6-AO47)^2 -> 308672.84 | FQ47: =SQRT(AVERAGE(ES47:FF47))/AVERAGE(AB47:AO47) -> 0.01473432 | FR47: 0.03 | FS47: =FR47/FQ47 -> 2.0360628 | FV47: =SQRT(AVERAGE(ES47:EY47))/AVERAGE(AB47:AH47) -> 0.011361513 | FW47: =FR47/FV47 -> 2.6404935
A48: =A47+1 -> 42 | B48: 56768 | C48: CalRenew-1 | D48: 2011 | E48: 2010 | F48: IPP Non-CHP | G48: c-Si | H48: Unknown | I48: Fixed | J48: 20 | K48: CA | L48: 36.7575 | M48: -120.366 | N48: 6.3 | O48: 5 | P48: =365.25*5.7 -> 2081.925 | Q48: Fresno | R48: 17.4 | S48: =R48+11.448+2.715*IF($I48="Tracker",P48*0.95,P48)/365.25 -> 44.3235 | T48: =IF(S48>=50,"H",IF(S48>=40,"M","C")) -> M | U48: 1910 | V48: 578 | W48: 0.634 | X48: =V48/U48 -> 0.3026178 | Y48: =MAX(0,IF($I48="Tracker",P48*0.95,P48)*(N48/O48)*0.0000994+0.3284*X48-0.358) -> 0.0021283006 | Z48: =EXP(-12.9*Y48) -> 0.97291839 | AA48: =N48*P48*INDEX($C$3:$D$4,MATCH(I48,$C$3:$C$4,0),2)*CH48 -> 10372.279 | AB48: 9887 | AC48: 10478 | AD48: 10786 | AE48: 10420 | AF48: 10185 | AG48: 9358 | AH48: 9825 | AI48: 9855 | AJ48: 8964 | AK48: 9180 | AL48: 5268 | AM48: 8479 | AN48: 6326 | AO48: 1334 | AY48: 14 | AZ48: =SUM(AB48:AX48)/AY48/N48/P48 -> 0.65538181 | BA48: =A48 -> 42 | BB48: =IF(ISNUMBER(AB48),MIN(1.15,AB48/($AA48*(1-$K$3)^(BB$6-1))),"") -> 0.95321386 | BC48: =IF(ISNUMBER(AC48),MIN(1.15,AC48/($AA48*(1-$K$3)^(BC$6-1))),"") -> 1.015269 | BD48: =IF(ISNUMBER(AD48),MIN(1.15,AD48/($AA48*(1-$K$3)^(BD$6-1))),"") -> 1.0503646 | BE48: =IF(ISNUMBER(AE48),MIN(1.15,AE48/($AA48*(1-$K$3)^(BE$6-1))),"") -> 1.0198218 | BF48: =IF(ISNUMBER(AF48),MIN(1.15,AF48/($AA48*(1-$K$3)^(BF$6-1))),"") -> 1.0018311 | BG48: =IF(ISNUMBER(AG48),MIN(1.15,AG48/($AA48*(1-$K$3)^(BG$6-1))),"") -> 0.92511016 | BH48: =IF(ISNUMBER(AH48),MIN(1.15,AH48/($AA48*(1-$K$3)^(BH$6-1))),"") -> 0.97615749 | BI48: =IF(ISNUMBER(AI48),MIN(1.15,AI48/($AA48*(1-$K$3)^(BI$6-1))),"") -> 0.98405841 | ... BO48: =IF(ISNUMBER(AO48),MIN(1.15,AO48/($AA48*(1-$K$3)^(BO$6-1))),"") -> 0.13727188 | BY48: =A48 -> 42 | BZ48: =$AA48*IF($K$3=0,$AY48,((1-$K$3)^$AY48-1)/-$K$3) -> 140585.62 | CA48: =SUM(AB48:AX48) -> 120345 | CB48: =CA48/BZ48 -> 0.85602638 | CC48: =ROUND(RANK(CB48,$CB$7:$CB$106,0),0) -> 55 | CD48: =I48 -> Fixed | CE48: =CF48/(CG48+CF48*AY48/2) -> -0.054677213 | CF48: {=LINEST(AB48:AO48,AB$6:AO$6,TRUE,FALSE)} -> -483.21978 | CG48: 12220.22 | CH48: =1+IF(G48="CdSCdTe",-0.0025,-0.004)*(S48-$S$4) -> 0.98850431 | DC48: =N48/O48 -> 1.26 | DD48: =D48-E48 -> 1 | DE48: =AY48+DD48 -> 15 | DT48: =SUM(AB48:AH48) -> 70939 | DU48: =IF(BB48>0,AB48/BB48,$AA48) -> 10372.279 | DV48: =IF(BC48>0,AC48/BC48,$AA48) -> 10320.417 | DW48: =IF(BD48>0,AD48/BD48,$AA48) -> 10268.815 | DX48: =IF(BE48>0,AE48/BE48,$AA48) -> 10217.471 | DY48: =IF(BF48>0,AF48/BF48,$AA48) -> 10166.384 | DZ48: =IF(BG48>0,AG48/BG48,$AA48) -> 10115.552 | EA48: =IF(BH48>0,AH48/BH48,$AA48) -> 10064.974 | EB48: =DT48/SUM(DU48:EA48) -> 0.99179467 | ED48: =IF($T48="H",CB48," ") | EE48: =IF($T48="H",$CE48," ") | EF48: =IF($T48="C",CB48," ") | EG48: =IF($T48="C",CE48," ") | EI48: =IF($T48="H",$EB48," ") | EJ48: =IF($T48="C",$EB48," ") | EL48: {=LINEST($AB48:$AH48,$AB$6:$AH$6,TRUE,FALSE)} -> -108.10714 | EM48: 10566.571 | EN48: =EL48/(EL48*($AB$6+$AH$6)*0.5+EM48) -> -0.010667616 | EO48: {=LINEST($AH48:$AO48,$AH$6:$AO$6,TRUE,FALSE)} -> -981.53571 | EP48: 17710 | EQ48: =EO48/(EO48*(AY48/2+7/2)+EP48) -> -0.13257054 | ES48: =($EM48+$EL48*ES$6-AB48)^2 -> 326571.43 | ET48: =($EM48+$EL48*ET$6-AC48)^2 -> 16292.699 | EU48: =($EM48+$EL48*EU$6-AD48)^2 -> 295664.06 | EV48: =($EM48+$EL48*EV$6-AE48)^2 -> 81714.306 | EW48: =($EM48+$EL48*EW$6-AF48)^2 -> 25269.644 | EX48: =($EM48+$EL48*EX$6-AG48)^2 -> 313520.01 | EY48: =($EM48+$EL48*EY$6-AH48)^2 -> 230.38903 | EZ48: =($EP48+$EO48*EZ$6-AI48)^2 -> 7.3673469 | FA48: =($EP48+$EO48*FA$6-AJ48)^2 -> 7712.6033 | FB48: =($EP48+$EO48*FB$6-AK48)^2 -> 1652143 | FC48: =($EP48+$EO48*FC$6-AL48)^2 -> 2706377.5 | FD48: =($EP48+$EO48*FD$6-AM48)^2 -> 6489392.3 | FE48: =($EP48+$EO48*FE$6-AN48)^2 -> 1893277.7 | FF48: =($EP48+$EO48*FF$6-AO48)^2 -> 6940590.2 | FQ48: =SQRT(AVERAGE(ES48:FF48))/AVERAGE(AB48:AO48) -> 0.14162244 | FR48: 0.036 | FS48: =FR48/FQ48 -> 0.254197 | FV48: =SQRT(AVERAGE(ES48:EY48))/AVERAGE(AB48:AH48) -> 0.038385373 | FW48: =FR48/FV48 -> 0.93785724
A49: =A48+1 -> 43 | B49: 57509 | C49: Carson | D49: 2010 | E49: 2007 | F49: IPP Non-CHP | G49: c-Si | H49: Unknown | I49: Fixed | J49: 25 | K49: CO | L49: 38.7228 | M49: -104.7817 | N49: 2 | O49: 2 | P49: =365.25*5.5 -> 2008.875 | Q49: Colorado Springs | R49: 9.2 | S49: =R49+11.448+2.715*IF($I49="Tracker",P49*0.95,P49)/365.25 -> 35.5805 | T49: =IF(S49>=50,"H",IF(S49>=40,"M","C")) -> C | U49: 1726.5 | V49: 544.7 | W49: 0.587 | X49: =V49/U49 -> 0.31549377 | Y49: =MAX(0,IF($I49="Tracker",P49*0.95,P49)*(N49/O49)*0.0000994+0.3284*X49-0.358) -> 0 | Z49: =EXP(-12.9*Y49) -> 1 | AA49: =N49*P49*INDEX($C$3:$D$4,MATCH(I49,$C$3:$C$4,0),2)*CH49 -> 3289.6576 | AB49: 3037 | AC49: 3126 | AD49: 3112 | AE49: 2501 | AF49: 2110 | AG49: 2411 | AH49: 2695 | AI49: 2189 | AJ49: 1645 | AK49: 0 | AL49: 2287 | AM49: 3326 | AN49: 2962 | AO49: 3012 | AP49: 3149 | AY49: 15 | AZ49: =SUM(AB49:AX49)/AY49/N49/P49 -> 0.62326758 | BA49: =A49 -> 43 | BB49: =IF(ISNUMBER(AB49),MIN(1.15,AB49/($AA49*(1-$K$3)^(BB$6-1))),"") -> 0.92319639 | BC49: =IF(ISNUMBER(AC49),MIN(1.15,AC49/($AA49*(1-$K$3)^(BC$6-1))),"") -> 0.95502601 | BD49: =IF(ISNUMBER(AD49),MIN(1.15,AD49/($AA49*(1-$K$3)^(BD$6-1))),"") -> 0.9555265 | BE49: =IF(ISNUMBER(AE49),MIN(1.15,AE49/($AA49*(1-$K$3)^(BE$6-1))),"") -> 0.77178042 | BF49: =IF(ISNUMBER(AF49),MIN(1.15,AF49/($AA49*(1-$K$3)^(BF$6-1))),"") -> 0.6543942 | BG49: =IF(ISNUMBER(AG49),MIN(1.15,AG49/($AA49*(1-$K$3)^(BG$6-1))),"") -> 0.75150368 | BH49: =IF(ISNUMBER(AH49),MIN(1.15,AH49/($AA49*(1-$K$3)^(BH$6-1))),"") -> 0.84424713 | BI49: =IF(ISNUMBER(AI49),MIN(1.15,AI49/($AA49*(1-$K$3)^(BI$6-1))),"") -> 0.68918133 | ... BP49: =IF(ISNUMBER(AP49),MIN(1.15,AP49/($AA49*(1-$K$3)^(BP$6-1))),"") -> 1.0268307 | BY49: =A49 -> 43 | BZ49: =$AA49*IF($K$3=0,$AY49,((1-$K$3)^$AY49-1)/-$K$3) -> 47654.658 | CA49: =SUM(AB49:AX49) -> 37562 | CB49: =CA49/BZ49 -> 0.78821256 | CC49: =ROUND(RANK(CB49,$CB$7:$CB$106,0),0) -> 69 | CD49: =I49 -> Fixed | CE49: =CF49/(CG49+CF49*AY49/2) -> -0.0038305895 | CF49: {=LINEST(AB49:AP49,AB$6:AP$6,TRUE,FALSE)} -> -9.6107143 | CG49: 2581.019 | CH49: =1+IF(G49="CdSCdTe",-0.0025,-0.004)*(S49-$S$4) -> 1.0234763 | DC49: =N49/O49 -> 1 | DD49: =D49-E49 -> 3 | DE49: =AY49+DD49 -> 18 | DT49: =SUM(AB49:AH49) -> 18992 | DU49: =IF(BB49>0,AB49/BB49,$AA49) -> 3289.6576 | DV49: =IF(BC49>0,AC49/BC49,$AA49) -> 3273.2093 | DW49: =IF(BD49>0,AD49/BD49,$AA49) -> 3256.8432 | DX49: =IF(BE49>0,AE49/BE49,$AA49) -> 3240.559 | DY49: =IF(BF49>0,AF49/BF49,$AA49) -> 3224.3562 | DZ49: =IF(BG49>0,AG49/BG49,$AA49) -> 3208.2344 | EA49: =IF(BH49>0,AH49/BH49,$AA49) -> 3192.1933 | EB49: =DT49/SUM(DU49:EA49) -> 0.83720325 | ED49: =IF($T49="H",CB49," ") | EE49: =IF($T49="H",$CE49," ") | EF49: =IF($T49="C",CB49," ") -> 0.78821256 | EG49: =IF($T49="C",CE49," ") -> -0.0038305895 | EI49: =IF($T49="H",$EB49," ") | EJ49: =IF($T49="C",$EB49," ") -> 0.83720325 | EL49: {=LINEST($AB49:$AH49,$AB$6:$AH$6,TRUE,FALSE)} -> -123.5 | EM49: 3207.1429 | EN49: =EL49/(EL49*($AB$6+$AH$6)*0.5+EM49) -> -0.045519166 | EO49: {=LINEST($AH49:$AP49,$AH$6:$AP$6,TRUE,FALSE)} -> 170.75 | EP49: 484.52778 | EQ49: =EO49/(EO49*(AY49/2+7/2)+EP49) -> 0.072266635 | ES49: =($EM49+$EL49*ES$6-AB49)^2 -> 2175.5561 | ET49: =($EM49+$EL49*ET$6-AC49)^2 -> 27508.592 | EU49: =($EM49+$EL49*EU$6-AD49)^2 -> 75821.556 | EV49: =($EM49+$EL49*EV$6-AE49)^2 -> 45004.592 | EW49: =($EM49+$EL49*EW$6-AF49)^2 -> 230057.27 | EX49: =($EM49+$EL49*EX$6-AG49)^2 -> 3040.7347 | EY49: =($EM49+$EL49*EY$6-AH49)^2 -> 124155.56 | EZ49: =($EP49+$EO49*EZ$6-AI49)^2 -> 114563.45 | FA49: =($EP49+$EO49*FA$6-AJ49)^2 -> 141584.97 | FB49: =($EP49+$EO49*FB$6-AK49)^2 -> 4804985.8 | FC49: =($EP49+$EO49*FC$6-AL49)^2 -> 5742.2716 | FD49: =($EP49+$EO49*FD$6-AM49)^2 -> 628012.22 | FE49: =($EP49+$EO49*FE$6-AN49)^2 -> 66420.744 | FF49: =($EP49+$EO49*FF$6-AO49)^2 -> 18761.39 | FG49: =($EP49+$EO49*FG$6-AP49)^2 -> 10654.827 | FQ49: =SQRT(AVERAGE(ES49:FG49))/AVERAGE(AB49:AP49) -> 0.25877072 | FR49: 0.031 | FS49: =FR49/FQ49 -> 0.11979717 | FV49: =SQRT(AVERAGE(ES49:EY49))/AVERAGE(AB49:AH49) -> 0.099267986 | FW49: =FR49/FV49 -> 0.31228598
